cycle,level_code,level_fr,level_ar,level_en,section_code,section_fr,section_ar,section_en,class_key,subject_code,subject_fr,subject_ar,subject_en,language,optional,chapter_count
primaire,1P,1ère année primaire,السنة الأولى ابتدائي,1st year of primary school,TC,Tronc commun,جذع مشترك,Common core,1ere-primaire,ARAB,Arabe,العربية,Arabic,ar,False,8
primaire,1P,1ère année primaire,السنة الأولى ابتدائي,1st year of primary school,TC,Tronc commun,جذع مشترك,Common core,1ere-primaire,MATH,Mathématiques,الرياضيات,Mathematics,ar,False,44
primaire,1P,1ère année primaire,السنة الأولى ابتدائي,1st year of primary school,TC,Tronc commun,جذع مشترك,Common core,1ere-primaire,EVEIL,Éveil scientifique,الإيقاظ العلمي,Science awareness,ar,False,0
primaire,1P,1ère année primaire,السنة الأولى ابتدائي,1st year of primary school,TC,Tronc commun,جذع مشترك,Common core,1ere-primaire,TECHNO,Technologie,التكنولوجيا,Technology,ar,False,0
primaire,1P,1ère année primaire,السنة الأولى ابتدائي,1st year of primary school,TC,Tronc commun,جذع مشترك,Common core,1ere-primaire,ISLAM,Éducation islamique,التربية الإسلامية,Islamic education,ar,False,0
primaire,1P,1ère année primaire,السنة الأولى ابتدائي,1st year of primary school,TC,Tronc commun,جذع مشترك,Common core,1ere-primaire,MUSIQ,Éducation musicale,التربية الموسيقية,Music education,ar,False,0
primaire,1P,1ère année primaire,السنة الأولى ابتدائي,1st year of primary school,TC,Tronc commun,جذع مشترك,Common core,1ere-primaire,ARTPL,Arts plastiques,التربية التشكيلية,Visual arts,ar,False,0
primaire,1P,1ère année primaire,السنة الأولى ابتدائي,1st year of primary school,TC,Tronc commun,جذع مشترك,Common core,1ere-primaire,EPS,Éducation physique,التربية البدنية,Physical education,ar,False,0
primaire,2P,2ème année primaire,السنة الثانية ابتدائي,2nd year of primary school,TC,Tronc commun,جذع مشترك,Common core,2eme-primaire,ARAB,Arabe,العربية,Arabic,ar,False,8
primaire,2P,2ème année primaire,السنة الثانية ابتدائي,2nd year of primary school,TC,Tronc commun,جذع مشترك,Common core,2eme-primaire,FRAN,Français,الفرنسية,French,fr,False,0
primaire,2P,2ème année primaire,السنة الثانية ابتدائي,2nd year of primary school,TC,Tronc commun,جذع مشترك,Common core,2eme-primaire,MATH,Mathématiques,الرياضيات,Mathematics,ar,False,58
primaire,2P,2ème année primaire,السنة الثانية ابتدائي,2nd year of primary school,TC,Tronc commun,جذع مشترك,Common core,2eme-primaire,EVEIL,Éveil scientifique,الإيقاظ العلمي,Science awareness,ar,False,0
primaire,2P,2ème année primaire,السنة الثانية ابتدائي,2nd year of primary school,TC,Tronc commun,جذع مشترك,Common core,2eme-primaire,TECHNO,Technologie,التكنولوجيا,Technology,ar,False,0
primaire,2P,2ème année primaire,السنة الثانية ابتدائي,2nd year of primary school,TC,Tronc commun,جذع مشترك,Common core,2eme-primaire,ISLAM,Éducation islamique,التربية الإسلامية,Islamic education,ar,False,0
primaire,2P,2ème année primaire,السنة الثانية ابتدائي,2nd year of primary school,TC,Tronc commun,جذع مشترك,Common core,2eme-primaire,MUSIQ,Éducation musicale,التربية الموسيقية,Music education,ar,False,0
primaire,2P,2ème année primaire,السنة الثانية ابتدائي,2nd year of primary school,TC,Tronc commun,جذع مشترك,Common core,2eme-primaire,ARTPL,Arts plastiques,التربية التشكيلية,Visual arts,ar,False,0
primaire,2P,2ème année primaire,السنة الثانية ابتدائي,2nd year of primary school,TC,Tronc commun,جذع مشترك,Common core,2eme-primaire,EPS,Éducation physique,التربية البدنية,Physical education,ar,False,0
primaire,3P,3ème année primaire,السنة الثالثة ابتدائي,3rd year of primary school,TC,Tronc commun,جذع مشترك,Common core,3eme-primaire,ARAB,Arabe,العربية,Arabic,ar,False,26
primaire,3P,3ème année primaire,السنة الثالثة ابتدائي,3rd year of primary school,TC,Tronc commun,جذع مشترك,Common core,3eme-primaire,FRAN,Français,الفرنسية,French,fr,False,0
primaire,3P,3ème année primaire,السنة الثالثة ابتدائي,3rd year of primary school,TC,Tronc commun,جذع مشترك,Common core,3eme-primaire,MATH,Mathématiques,الرياضيات,Mathematics,ar,False,21
primaire,3P,3ème année primaire,السنة الثالثة ابتدائي,3rd year of primary school,TC,Tronc commun,جذع مشترك,Common core,3eme-primaire,EVEIL,Éveil scientifique,الإيقاظ العلمي,Science awareness,ar,False,8
primaire,3P,3ème année primaire,السنة الثالثة ابتدائي,3rd year of primary school,TC,Tronc commun,جذع مشترك,Common core,3eme-primaire,TECHNO,Technologie,التكنولوجيا,Technology,ar,False,0
primaire,3P,3ème année primaire,السنة الثالثة ابتدائي,3rd year of primary school,TC,Tronc commun,جذع مشترك,Common core,3eme-primaire,ISLAM,Éducation islamique,التربية الإسلامية,Islamic education,ar,False,0
primaire,3P,3ème année primaire,السنة الثالثة ابتدائي,3rd year of primary school,TC,Tronc commun,جذع مشترك,Common core,3eme-primaire,MUSIQ,Éducation musicale,التربية الموسيقية,Music education,ar,False,0
primaire,3P,3ème année primaire,السنة الثالثة ابتدائي,3rd year of primary school,TC,Tronc commun,جذع مشترك,Common core,3eme-primaire,ARTPL,Arts plastiques,التربية التشكيلية,Visual arts,ar,False,0
primaire,3P,3ème année primaire,السنة الثالثة ابتدائي,3rd year of primary school,TC,Tronc commun,جذع مشترك,Common core,3eme-primaire,EPS,Éducation physique,التربية البدنية,Physical education,ar,False,0
primaire,4P,4ème année primaire,السنة الرابعة ابتدائي,4th year of primary school,TC,Tronc commun,جذع مشترك,Common core,4eme-primaire,ARAB,Arabe,العربية,Arabic,ar,False,45
primaire,4P,4ème année primaire,السنة الرابعة ابتدائي,4th year of primary school,TC,Tronc commun,جذع مشترك,Common core,4eme-primaire,FRAN,Français,الفرنسية,French,fr,False,10
primaire,4P,4ème année primaire,السنة الرابعة ابتدائي,4th year of primary school,TC,Tronc commun,جذع مشترك,Common core,4eme-primaire,ANGL,Anglais,الإنجليزية,English,en,False,0
primaire,4P,4ème année primaire,السنة الرابعة ابتدائي,4th year of primary school,TC,Tronc commun,جذع مشترك,Common core,4eme-primaire,MATH,Mathématiques,الرياضيات,Mathematics,ar,False,24
primaire,4P,4ème année primaire,السنة الرابعة ابتدائي,4th year of primary school,TC,Tronc commun,جذع مشترك,Common core,4eme-primaire,EVEIL,Éveil scientifique,الإيقاظ العلمي,Science awareness,ar,False,8
primaire,4P,4ème année primaire,السنة الرابعة ابتدائي,4th year of primary school,TC,Tronc commun,جذع مشترك,Common core,4eme-primaire,TECHNO,Technologie,التكنولوجيا,Technology,ar,False,0
primaire,4P,4ème année primaire,السنة الرابعة ابتدائي,4th year of primary school,TC,Tronc commun,جذع مشترك,Common core,4eme-primaire,ISLAM,Éducation islamique,التربية الإسلامية,Islamic education,ar,False,0
primaire,4P,4ème année primaire,السنة الرابعة ابتدائي,4th year of primary school,TC,Tronc commun,جذع مشترك,Common core,4eme-primaire,MUSIQ,Éducation musicale,التربية الموسيقية,Music education,ar,False,0
primaire,4P,4ème année primaire,السنة الرابعة ابتدائي,4th year of primary school,TC,Tronc commun,جذع مشترك,Common core,4eme-primaire,ARTPL,Arts plastiques,التربية التشكيلية,Visual arts,ar,False,0
primaire,4P,4ème année primaire,السنة الرابعة ابتدائي,4th year of primary school,TC,Tronc commun,جذع مشترك,Common core,4eme-primaire,EPS,Éducation physique,التربية البدنية,Physical education,ar,False,0
primaire,5P,5ème année primaire,السنة الخامسة ابتدائي,5th year of primary school,TC,Tronc commun,جذع مشترك,Common core,5eme-primaire,ARAB,Arabe,العربية,Arabic,ar,False,38
primaire,5P,5ème année primaire,السنة الخامسة ابتدائي,5th year of primary school,TC,Tronc commun,جذع مشترك,Common core,5eme-primaire,FRAN,Français,الفرنسية,French,fr,False,8
primaire,5P,5ème année primaire,السنة الخامسة ابتدائي,5th year of primary school,TC,Tronc commun,جذع مشترك,Common core,5eme-primaire,MATH,Mathématiques,الرياضيات,Mathematics,ar,False,37
primaire,5P,5ème année primaire,السنة الخامسة ابتدائي,5th year of primary school,TC,Tronc commun,جذع مشترك,Common core,5eme-primaire,EVEIL,Éveil scientifique,الإيقاظ العلمي,Science awareness,ar,False,4
primaire,5P,5ème année primaire,السنة الخامسة ابتدائي,5th year of primary school,TC,Tronc commun,جذع مشترك,Common core,5eme-primaire,TECHNO,Technologie,التكنولوجيا,Technology,ar,False,0
primaire,5P,5ème année primaire,السنة الخامسة ابتدائي,5th year of primary school,TC,Tronc commun,جذع مشترك,Common core,5eme-primaire,ISLAM,Éducation islamique,التربية الإسلامية,Islamic education,ar,False,0
primaire,5P,5ème année primaire,السنة الخامسة ابتدائي,5th year of primary school,TC,Tronc commun,جذع مشترك,Common core,5eme-primaire,HIST,Histoire,التاريخ,History,ar,False,4
primaire,5P,5ème année primaire,السنة الخامسة ابتدائي,5th year of primary school,TC,Tronc commun,جذع مشترك,Common core,5eme-primaire,GEO,Géographie,الجغرافيا,Geography,ar,False,4
primaire,5P,5ème année primaire,السنة الخامسة ابتدائي,5th year of primary school,TC,Tronc commun,جذع مشترك,Common core,5eme-primaire,CIVIQ,Éducation civique,التربية المدنية,Civic education,ar,False,15
primaire,5P,5ème année primaire,السنة الخامسة ابتدائي,5th year of primary school,TC,Tronc commun,جذع مشترك,Common core,5eme-primaire,MUSIQ,Éducation musicale,التربية الموسيقية,Music education,ar,False,0
primaire,5P,5ème année primaire,السنة الخامسة ابتدائي,5th year of primary school,TC,Tronc commun,جذع مشترك,Common core,5eme-primaire,ARTPL,Arts plastiques,التربية التشكيلية,Visual arts,ar,False,0
primaire,5P,5ème année primaire,السنة الخامسة ابتدائي,5th year of primary school,TC,Tronc commun,جذع مشترك,Common core,5eme-primaire,EPS,Éducation physique,التربية البدنية,Physical education,ar,False,0
primaire,6P,6ème année primaire,السنة السادسة ابتدائي,6th year of primary school,TC,Tronc commun,جذع مشترك,Common core,6eme-primaire,ARAB,Arabe,العربية,Arabic,ar,False,52
primaire,6P,6ème année primaire,السنة السادسة ابتدائي,6th year of primary school,TC,Tronc commun,جذع مشترك,Common core,6eme-primaire,FRAN,Français,الفرنسية,French,fr,False,8
primaire,6P,6ème année primaire,السنة السادسة ابتدائي,6th year of primary school,TC,Tronc commun,جذع مشترك,Common core,6eme-primaire,ANGL,Anglais,الإنجليزية,English,en,False,0
primaire,6P,6ème année primaire,السنة السادسة ابتدائي,6th year of primary school,TC,Tronc commun,جذع مشترك,Common core,6eme-primaire,MATH,Mathématiques,الرياضيات,Mathematics,ar,False,16
primaire,6P,6ème année primaire,السنة السادسة ابتدائي,6th year of primary school,TC,Tronc commun,جذع مشترك,Common core,6eme-primaire,EVEIL,Éveil scientifique,الإيقاظ العلمي,Science awareness,ar,False,3
primaire,6P,6ème année primaire,السنة السادسة ابتدائي,6th year of primary school,TC,Tronc commun,جذع مشترك,Common core,6eme-primaire,TECHNO,Technologie,التكنولوجيا,Technology,ar,False,0
primaire,6P,6ème année primaire,السنة السادسة ابتدائي,6th year of primary school,TC,Tronc commun,جذع مشترك,Common core,6eme-primaire,ISLAM,Éducation islamique,التربية الإسلامية,Islamic education,ar,False,0
primaire,6P,6ème année primaire,السنة السادسة ابتدائي,6th year of primary school,TC,Tronc commun,جذع مشترك,Common core,6eme-primaire,HIST,Histoire,التاريخ,History,ar,False,15
primaire,6P,6ème année primaire,السنة السادسة ابتدائي,6th year of primary school,TC,Tronc commun,جذع مشترك,Common core,6eme-primaire,GEO,Géographie,الجغرافيا,Geography,ar,False,10
primaire,6P,6ème année primaire,السنة السادسة ابتدائي,6th year of primary school,TC,Tronc commun,جذع مشترك,Common core,6eme-primaire,CIVIQ,Éducation civique,التربية المدنية,Civic education,ar,False,0
primaire,6P,6ème année primaire,السنة السادسة ابتدائي,6th year of primary school,TC,Tronc commun,جذع مشترك,Common core,6eme-primaire,MUSIQ,Éducation musicale,التربية الموسيقية,Music education,ar,False,0
primaire,6P,6ème année primaire,السنة السادسة ابتدائي,6th year of primary school,TC,Tronc commun,جذع مشترك,Common core,6eme-primaire,ARTPL,Arts plastiques,التربية التشكيلية,Visual arts,ar,False,0
primaire,6P,6ème année primaire,السنة السادسة ابتدائي,6th year of primary school,TC,Tronc commun,جذع مشترك,Common core,6eme-primaire,EPS,Éducation physique,التربية البدنية,Physical education,ar,False,0
preparatoire,7B,7ème année de base,السنة السابعة أساسي,7th year of basic education,TC,Tronc commun,جذع مشترك,Common core,7eme-base,ARAB,Arabe,العربية,Arabic,ar,False,12
preparatoire,7B,7ème année de base,السنة السابعة أساسي,7th year of basic education,TC,Tronc commun,جذع مشترك,Common core,7eme-base,FRAN,Français,الفرنسية,French,fr,False,8
preparatoire,7B,7ème année de base,السنة السابعة أساسي,7th year of basic education,TC,Tronc commun,جذع مشترك,Common core,7eme-base,ANGL,Anglais,الإنجليزية,English,en,False,20
preparatoire,7B,7ème année de base,السنة السابعة أساسي,7th year of basic education,TC,Tronc commun,جذع مشترك,Common core,7eme-base,MATH,Mathématiques,الرياضيات,Mathematics,ar,False,10
preparatoire,7B,7ème année de base,السنة السابعة أساسي,7th year of basic education,TC,Tronc commun,جذع مشترك,Common core,7eme-base,PHYS,Sciences physiques,العلوم الفيزيائية,Physical sciences,ar,False,6
preparatoire,7B,7ème année de base,السنة السابعة أساسي,7th year of basic education,TC,Tronc commun,جذع مشترك,Common core,7eme-base,SVT,Sciences de la vie et de la terre,علوم الحياة والأرض,Life and earth sciences,ar,False,14
preparatoire,7B,7ème année de base,السنة السابعة أساسي,7th year of basic education,TC,Tronc commun,جذع مشترك,Common core,7eme-base,TECHNO,Technologie,التكنولوجيا,Technology,ar,False,7
preparatoire,7B,7ème année de base,السنة السابعة أساسي,7th year of basic education,TC,Tronc commun,جذع مشترك,Common core,7eme-base,INFO,Informatique,الإعلامية,Computer science,ar,False,5
preparatoire,7B,7ème année de base,السنة السابعة أساسي,7th year of basic education,TC,Tronc commun,جذع مشترك,Common core,7eme-base,ISLAM,Éducation islamique,التربية الإسلامية,Islamic education,ar,False,3
preparatoire,7B,7ème année de base,السنة السابعة أساسي,7th year of basic education,TC,Tronc commun,جذع مشترك,Common core,7eme-base,CIVIQ,Éducation civique,التربية المدنية,Civic education,ar,False,2
preparatoire,7B,7ème année de base,السنة السابعة أساسي,7th year of basic education,TC,Tronc commun,جذع مشترك,Common core,7eme-base,HIST,Histoire,التاريخ,History,ar,False,3
preparatoire,7B,7ème année de base,السنة السابعة أساسي,7th year of basic education,TC,Tronc commun,جذع مشترك,Common core,7eme-base,GEO,Géographie,الجغرافيا,Geography,ar,False,2
preparatoire,7B,7ème année de base,السنة السابعة أساسي,7th year of basic education,TC,Tronc commun,جذع مشترك,Common core,7eme-base,MUSIQ,Éducation musicale,التربية الموسيقية,Music education,ar,False,0
preparatoire,7B,7ème année de base,السنة السابعة أساسي,7th year of basic education,TC,Tronc commun,جذع مشترك,Common core,7eme-base,ARTPL,Arts plastiques,التربية التشكيلية,Visual arts,ar,False,0
preparatoire,7B,7ème année de base,السنة السابعة أساسي,7th year of basic education,TC,Tronc commun,جذع مشترك,Common core,7eme-base,THEATRE,Éducation théâtrale,التربية المسرحية,Drama education,ar,True,0
preparatoire,7B,7ème année de base,السنة السابعة أساسي,7th year of basic education,TC,Tronc commun,جذع مشترك,Common core,7eme-base,EPS,Éducation physique,التربية البدنية,Physical education,ar,False,0
preparatoire,8B,8ème année de base,السنة الثامنة أساسي,8th year of basic education,TC,Tronc commun,جذع مشترك,Common core,8eme-base,ARAB,Arabe,العربية,Arabic,ar,False,25
preparatoire,8B,8ème année de base,السنة الثامنة أساسي,8th year of basic education,TC,Tronc commun,جذع مشترك,Common core,8eme-base,FRAN,Français,الفرنسية,French,fr,False,1
preparatoire,8B,8ème année de base,السنة الثامنة أساسي,8th year of basic education,TC,Tronc commun,جذع مشترك,Common core,8eme-base,ANGL,Anglais,الإنجليزية,English,en,False,25
preparatoire,8B,8ème année de base,السنة الثامنة أساسي,8th year of basic education,TC,Tronc commun,جذع مشترك,Common core,8eme-base,MATH,Mathématiques,الرياضيات,Mathematics,ar,False,16
preparatoire,8B,8ème année de base,السنة الثامنة أساسي,8th year of basic education,TC,Tronc commun,جذع مشترك,Common core,8eme-base,PHYS,Sciences physiques,العلوم الفيزيائية,Physical sciences,ar,False,9
preparatoire,8B,8ème année de base,السنة الثامنة أساسي,8th year of basic education,TC,Tronc commun,جذع مشترك,Common core,8eme-base,SVT,Sciences de la vie et de la terre,علوم الحياة والأرض,Life and earth sciences,ar,False,9
preparatoire,8B,8ème année de base,السنة الثامنة أساسي,8th year of basic education,TC,Tronc commun,جذع مشترك,Common core,8eme-base,TECHNO,Technologie,التكنولوجيا,Technology,ar,False,8
preparatoire,8B,8ème année de base,السنة الثامنة أساسي,8th year of basic education,TC,Tronc commun,جذع مشترك,Common core,8eme-base,INFO,Informatique,الإعلامية,Computer science,ar,False,5
preparatoire,8B,8ème année de base,السنة الثامنة أساسي,8th year of basic education,TC,Tronc commun,جذع مشترك,Common core,8eme-base,ISLAM,Éducation islamique,التربية الإسلامية,Islamic education,ar,False,3
preparatoire,8B,8ème année de base,السنة الثامنة أساسي,8th year of basic education,TC,Tronc commun,جذع مشترك,Common core,8eme-base,CIVIQ,Éducation civique,التربية المدنية,Civic education,ar,False,3
preparatoire,8B,8ème année de base,السنة الثامنة أساسي,8th year of basic education,TC,Tronc commun,جذع مشترك,Common core,8eme-base,HIST,Histoire,التاريخ,History,ar,False,3
preparatoire,8B,8ème année de base,السنة الثامنة أساسي,8th year of basic education,TC,Tronc commun,جذع مشترك,Common core,8eme-base,GEO,Géographie,الجغرافيا,Geography,ar,False,5
preparatoire,8B,8ème année de base,السنة الثامنة أساسي,8th year of basic education,TC,Tronc commun,جذع مشترك,Common core,8eme-base,MUSIQ,Éducation musicale,التربية الموسيقية,Music education,ar,False,0
preparatoire,8B,8ème année de base,السنة الثامنة أساسي,8th year of basic education,TC,Tronc commun,جذع مشترك,Common core,8eme-base,ARTPL,Arts plastiques,التربية التشكيلية,Visual arts,ar,False,0
preparatoire,8B,8ème année de base,السنة الثامنة أساسي,8th year of basic education,TC,Tronc commun,جذع مشترك,Common core,8eme-base,THEATRE,Éducation théâtrale,التربية المسرحية,Drama education,ar,True,0
preparatoire,8B,8ème année de base,السنة الثامنة أساسي,8th year of basic education,TC,Tronc commun,جذع مشترك,Common core,8eme-base,EPS,Éducation physique,التربية البدنية,Physical education,ar,False,0
preparatoire,9B,9ème année de base,السنة التاسعة أساسي,9th year of basic education,TC,Tronc commun,جذع مشترك,Common core,9eme-base,ARAB,Arabe,العربية,Arabic,ar,False,29
preparatoire,9B,9ème année de base,السنة التاسعة أساسي,9th year of basic education,TC,Tronc commun,جذع مشترك,Common core,9eme-base,FRAN,Français,الفرنسية,French,fr,False,7
preparatoire,9B,9ème année de base,السنة التاسعة أساسي,9th year of basic education,TC,Tronc commun,جذع مشترك,Common core,9eme-base,ANGL,Anglais,الإنجليزية,English,en,False,6
preparatoire,9B,9ème année de base,السنة التاسعة أساسي,9th year of basic education,TC,Tronc commun,جذع مشترك,Common core,9eme-base,MATH,Mathématiques,الرياضيات,Mathematics,ar,False,13
preparatoire,9B,9ème année de base,السنة التاسعة أساسي,9th year of basic education,TC,Tronc commun,جذع مشترك,Common core,9eme-base,PHYS,Sciences physiques,العلوم الفيزيائية,Physical sciences,ar,False,8
preparatoire,9B,9ème année de base,السنة التاسعة أساسي,9th year of basic education,TC,Tronc commun,جذع مشترك,Common core,9eme-base,SVT,Sciences de la vie et de la terre,علوم الحياة والأرض,Life and earth sciences,ar,False,14
preparatoire,9B,9ème année de base,السنة التاسعة أساسي,9th year of basic education,TC,Tronc commun,جذع مشترك,Common core,9eme-base,TECHNO,Technologie,التكنولوجيا,Technology,ar,False,7
preparatoire,9B,9ème année de base,السنة التاسعة أساسي,9th year of basic education,TC,Tronc commun,جذع مشترك,Common core,9eme-base,INFO,Informatique,الإعلامية,Computer science,ar,False,4
preparatoire,9B,9ème année de base,السنة التاسعة أساسي,9th year of basic education,TC,Tronc commun,جذع مشترك,Common core,9eme-base,ISLAM,Éducation islamique,التربية الإسلامية,Islamic education,ar,False,3
preparatoire,9B,9ème année de base,السنة التاسعة أساسي,9th year of basic education,TC,Tronc commun,جذع مشترك,Common core,9eme-base,CIVIQ,Éducation civique,التربية المدنية,Civic education,ar,False,4
preparatoire,9B,9ème année de base,السنة التاسعة أساسي,9th year of basic education,TC,Tronc commun,جذع مشترك,Common core,9eme-base,HIST,Histoire,التاريخ,History,ar,False,3
preparatoire,9B,9ème année de base,السنة التاسعة أساسي,9th year of basic education,TC,Tronc commun,جذع مشترك,Common core,9eme-base,GEO,Géographie,الجغرافيا,Geography,ar,False,10
preparatoire,9B,9ème année de base,السنة التاسعة أساسي,9th year of basic education,TC,Tronc commun,جذع مشترك,Common core,9eme-base,MUSIQ,Éducation musicale,التربية الموسيقية,Music education,ar,False,0
preparatoire,9B,9ème année de base,السنة التاسعة أساسي,9th year of basic education,TC,Tronc commun,جذع مشترك,Common core,9eme-base,ARTPL,Arts plastiques,التربية التشكيلية,Visual arts,ar,False,0
preparatoire,9B,9ème année de base,السنة التاسعة أساسي,9th year of basic education,TC,Tronc commun,جذع مشترك,Common core,9eme-base,THEATRE,Éducation théâtrale,التربية المسرحية,Drama education,ar,True,0
preparatoire,9B,9ème année de base,السنة التاسعة أساسي,9th year of basic education,TC,Tronc commun,جذع مشترك,Common core,9eme-base,EPS,Éducation physique,التربية البدنية,Physical education,ar,False,0
secondaire,1S,1ère année secondaire,السنة الأولى ثانوي,1st year of secondary school,SPORT,Sport,رياضة,Sport,1ere-sport,ARAB,Arabe,العربية,Arabic,ar,False,6
secondaire,1S,1ère année secondaire,السنة الأولى ثانوي,1st year of secondary school,SPORT,Sport,رياضة,Sport,1ere-sport,FRAN,Français,الفرنسية,French,fr,False,7
secondaire,1S,1ère année secondaire,السنة الأولى ثانوي,1st year of secondary school,SPORT,Sport,رياضة,Sport,1ere-sport,ANGL,Anglais,الإنجليزية,English,en,False,34
secondaire,1S,1ère année secondaire,السنة الأولى ثانوي,1st year of secondary school,SPORT,Sport,رياضة,Sport,1ere-sport,MATH,Mathématiques,الرياضيات,Mathematics,fr,False,6
secondaire,1S,1ère année secondaire,السنة الأولى ثانوي,1st year of secondary school,SPORT,Sport,رياضة,Sport,1ere-sport,PHYS,Sciences physiques,العلوم الفيزيائية,Physical sciences,fr,False,26
secondaire,1S,1ère année secondaire,السنة الأولى ثانوي,1st year of secondary school,SPORT,Sport,رياضة,Sport,1ere-sport,BIO,Sciences biologiques,علوم البيولوجيا,Biological sciences,fr,False,10
secondaire,1S,1ère année secondaire,السنة الأولى ثانوي,1st year of secondary school,SPORT,Sport,رياضة,Sport,1ere-sport,INFO,Informatique,الإعلامية,Computer science,fr,False,0
secondaire,1S,1ère année secondaire,السنة الأولى ثانوي,1st year of secondary school,SPORT,Sport,رياضة,Sport,1ere-sport,HIST,Histoire,التاريخ,History,ar,False,8
secondaire,1S,1ère année secondaire,السنة الأولى ثانوي,1st year of secondary school,SPORT,Sport,رياضة,Sport,1ere-sport,GEO,Géographie,الجغرافيا,Geography,ar,False,13
secondaire,1S,1ère année secondaire,السنة الأولى ثانوي,1st year of secondary school,SPORT,Sport,رياضة,Sport,1ere-sport,EPS,Éducation physique,التربية البدنية,Physical education,ar,False,0
secondaire,1S,1ère année secondaire,السنة الأولى ثانوي,1st year of secondary school,SPORT,Sport,رياضة,Sport,1ere-sport,SPORTSPEC,Spécialité sportive,الاختصاص الرياضي,Sports specialty,ar,False,0
secondaire,1S,1ère année secondaire,السنة الأولى ثانوي,1st year of secondary school,SPORT,Sport,رياضة,Sport,1ere-sport,ISLAM,Éducation islamique,التربية الإسلامية,Islamic education,ar,False,7
secondaire,1S,1ère année secondaire,السنة الأولى ثانوي,1st year of secondary school,SPORT,Sport,رياضة,Sport,1ere-sport,CIVIQ,Éducation civique,التربية المدنية,Civic education,ar,False,4
secondaire,1S,1ère année secondaire,السنة الأولى ثانوي,1st year of secondary school,TC,Tronc commun,جذع مشترك,Common core,1ere-secondaire,ARAB,Arabe,العربية,Arabic,ar,False,6
secondaire,1S,1ère année secondaire,السنة الأولى ثانوي,1st year of secondary school,TC,Tronc commun,جذع مشترك,Common core,1ere-secondaire,FRAN,Français,الفرنسية,French,fr,False,7
secondaire,1S,1ère année secondaire,السنة الأولى ثانوي,1st year of secondary school,TC,Tronc commun,جذع مشترك,Common core,1ere-secondaire,ANGL,Anglais,الإنجليزية,English,en,False,34
secondaire,1S,1ère année secondaire,السنة الأولى ثانوي,1st year of secondary school,TC,Tronc commun,جذع مشترك,Common core,1ere-secondaire,MATH,Mathématiques,الرياضيات,Mathematics,fr,False,16
secondaire,1S,1ère année secondaire,السنة الأولى ثانوي,1st year of secondary school,TC,Tronc commun,جذع مشترك,Common core,1ere-secondaire,PHYS,Sciences physiques,العلوم الفيزيائية,Physical sciences,fr,False,26
secondaire,1S,1ère année secondaire,السنة الأولى ثانوي,1st year of secondary school,TC,Tronc commun,جذع مشترك,Common core,1ere-secondaire,SVT,Sciences de la vie et de la terre,علوم الحياة والأرض,Life and earth sciences,fr,False,8
secondaire,1S,1ère année secondaire,السنة الأولى ثانوي,1st year of secondary school,TC,Tronc commun,جذع مشترك,Common core,1ere-secondaire,INFO,Informatique,الإعلامية,Computer science,fr,False,0
secondaire,1S,1ère année secondaire,السنة الأولى ثانوي,1st year of secondary school,TC,Tronc commun,جذع مشترك,Common core,1ere-secondaire,TECHNO,Technologie,التكنولوجيا,Technology,fr,False,13
secondaire,1S,1ère année secondaire,السنة الأولى ثانوي,1st year of secondary school,TC,Tronc commun,جذع مشترك,Common core,1ere-secondaire,HIST,Histoire,التاريخ,History,ar,False,8
secondaire,1S,1ère année secondaire,السنة الأولى ثانوي,1st year of secondary school,TC,Tronc commun,جذع مشترك,Common core,1ere-secondaire,GEO,Géographie,الجغرافيا,Geography,ar,False,13
secondaire,1S,1ère année secondaire,السنة الأولى ثانوي,1st year of secondary school,TC,Tronc commun,جذع مشترك,Common core,1ere-secondaire,ISLAM,Éducation islamique,التربية الإسلامية,Islamic education,ar,False,7
secondaire,1S,1ère année secondaire,السنة الأولى ثانوي,1st year of secondary school,TC,Tronc commun,جذع مشترك,Common core,1ere-secondaire,CIVIQ,Éducation civique,التربية المدنية,Civic education,ar,False,4
secondaire,1S,1ère année secondaire,السنة الأولى ثانوي,1st year of secondary school,TC,Tronc commun,جذع مشترك,Common core,1ere-secondaire,EPS,Éducation physique,التربية البدنية,Physical education,ar,False,0
secondaire,2S,2ème année secondaire,السنة الثانية ثانوي,2nd year of secondary school,ECOSERV,Économie et services,اقتصاد وخدمات,Economics and services,2eme-economie-services,ARAB,Arabe,العربية,Arabic,ar,False,8
secondaire,2S,2ème année secondaire,السنة الثانية ثانوي,2nd year of secondary school,ECOSERV,Économie et services,اقتصاد وخدمات,Economics and services,2eme-economie-services,FRAN,Français,الفرنسية,French,fr,False,5
secondaire,2S,2ème année secondaire,السنة الثانية ثانوي,2nd year of secondary school,ECOSERV,Économie et services,اقتصاد وخدمات,Economics and services,2eme-economie-services,ANGL,Anglais,الإنجليزية,English,en,False,10
secondaire,2S,2ème année secondaire,السنة الثانية ثانوي,2nd year of secondary school,ECOSERV,Économie et services,اقتصاد وخدمات,Economics and services,2eme-economie-services,ECO,Économie,الاقتصاد,Economics,ar,False,0
secondaire,2S,2ème année secondaire,السنة الثانية ثانوي,2nd year of secondary school,ECOSERV,Économie et services,اقتصاد وخدمات,Economics and services,2eme-economie-services,GEST,Gestion,التصرف,Management,ar,False,7
secondaire,2S,2ème année secondaire,السنة الثانية ثانوي,2nd year of secondary school,ECOSERV,Économie et services,اقتصاد وخدمات,Economics and services,2eme-economie-services,MATH,Mathématiques,الرياضيات,Mathematics,fr,False,8
secondaire,2S,2ème année secondaire,السنة الثانية ثانوي,2nd year of secondary school,ECOSERV,Économie et services,اقتصاد وخدمات,Economics and services,2eme-economie-services,INFO,Informatique,الإعلامية,Computer science,fr,False,0
secondaire,2S,2ème année secondaire,السنة الثانية ثانوي,2nd year of secondary school,ECOSERV,Économie et services,اقتصاد وخدمات,Economics and services,2eme-economie-services,HIST,Histoire,التاريخ,History,ar,False,2
secondaire,2S,2ème année secondaire,السنة الثانية ثانوي,2nd year of secondary school,ECOSERV,Économie et services,اقتصاد وخدمات,Economics and services,2eme-economie-services,GEO,Géographie,الجغرافيا,Geography,ar,False,4
secondaire,2S,2ème année secondaire,السنة الثانية ثانوي,2nd year of secondary school,ECOSERV,Économie et services,اقتصاد وخدمات,Economics and services,2eme-economie-services,ISLAM,Éducation islamique,التربية الإسلامية,Islamic education,ar,False,7
secondaire,2S,2ème année secondaire,السنة الثانية ثانوي,2nd year of secondary school,ECOSERV,Économie et services,اقتصاد وخدمات,Economics and services,2eme-economie-services,CIVIQ,Éducation civique,التربية المدنية,Civic education,ar,False,3
secondaire,2S,2ème année secondaire,السنة الثانية ثانوي,2nd year of secondary school,ECOSERV,Économie et services,اقتصاد وخدمات,Economics and services,2eme-economie-services,EPS,Éducation physique,التربية البدنية,Physical education,ar,False,0
secondaire,2S,2ème année secondaire,السنة الثانية ثانوي,2nd year of secondary school,LET,Lettres,آداب,Literature,2eme-lettres,ARAB,Arabe,العربية,Arabic,ar,False,8
secondaire,2S,2ème année secondaire,السنة الثانية ثانوي,2nd year of secondary school,LET,Lettres,آداب,Literature,2eme-lettres,FRAN,Français,الفرنسية,French,fr,False,5
secondaire,2S,2ème année secondaire,السنة الثانية ثانوي,2nd year of secondary school,LET,Lettres,آداب,Literature,2eme-lettres,ANGL,Anglais,الإنجليزية,English,en,False,10
secondaire,2S,2ème année secondaire,السنة الثانية ثانوي,2nd year of secondary school,LET,Lettres,آداب,Literature,2eme-lettres,MATH,Mathématiques,الرياضيات,Mathematics,fr,False,5
secondaire,2S,2ème année secondaire,السنة الثانية ثانوي,2nd year of secondary school,LET,Lettres,آداب,Literature,2eme-lettres,INFO,Informatique,الإعلامية,Computer science,fr,False,0
secondaire,2S,2ème année secondaire,السنة الثانية ثانوي,2nd year of secondary school,LET,Lettres,آداب,Literature,2eme-lettres,HIST,Histoire,التاريخ,History,ar,False,2
secondaire,2S,2ème année secondaire,السنة الثانية ثانوي,2nd year of secondary school,LET,Lettres,آداب,Literature,2eme-lettres,GEO,Géographie,الجغرافيا,Geography,ar,False,4
secondaire,2S,2ème année secondaire,السنة الثانية ثانوي,2nd year of secondary school,LET,Lettres,آداب,Literature,2eme-lettres,ISLAM,Éducation islamique,التربية الإسلامية,Islamic education,ar,False,7
secondaire,2S,2ème année secondaire,السنة الثانية ثانوي,2nd year of secondary school,LET,Lettres,آداب,Literature,2eme-lettres,CIVIQ,Éducation civique,التربية المدنية,Civic education,ar,False,3
secondaire,2S,2ème année secondaire,السنة الثانية ثانوي,2nd year of secondary school,LET,Lettres,آداب,Literature,2eme-lettres,EPS,Éducation physique,التربية البدنية,Physical education,ar,False,0
secondaire,2S,2ème année secondaire,السنة الثانية ثانوي,2nd year of secondary school,SCI,Sciences,علوم,Sciences,2eme-sciences,ARAB,Arabe,العربية,Arabic,ar,False,8
secondaire,2S,2ème année secondaire,السنة الثانية ثانوي,2nd year of secondary school,SCI,Sciences,علوم,Sciences,2eme-sciences,FRAN,Français,الفرنسية,French,fr,False,5
secondaire,2S,2ème année secondaire,السنة الثانية ثانوي,2nd year of secondary school,SCI,Sciences,علوم,Sciences,2eme-sciences,ANGL,Anglais,الإنجليزية,English,en,False,10
secondaire,2S,2ème année secondaire,السنة الثانية ثانوي,2nd year of secondary school,SCI,Sciences,علوم,Sciences,2eme-sciences,MATH,Mathématiques,الرياضيات,Mathematics,fr,False,19
secondaire,2S,2ème année secondaire,السنة الثانية ثانوي,2nd year of secondary school,SCI,Sciences,علوم,Sciences,2eme-sciences,PHYS,Sciences physiques,العلوم الفيزيائية,Physical sciences,fr,False,40
secondaire,2S,2ème année secondaire,السنة الثانية ثانوي,2nd year of secondary school,SCI,Sciences,علوم,Sciences,2eme-sciences,SVT,Sciences de la vie et de la terre,علوم الحياة والأرض,Life and earth sciences,fr,False,15
secondaire,2S,2ème année secondaire,السنة الثانية ثانوي,2nd year of secondary school,SCI,Sciences,علوم,Sciences,2eme-sciences,TECHNO,Technologie,التكنولوجيا,Technology,fr,False,7
secondaire,2S,2ème année secondaire,السنة الثانية ثانوي,2nd year of secondary school,SCI,Sciences,علوم,Sciences,2eme-sciences,INFO,Informatique,الإعلامية,Computer science,fr,False,0
secondaire,2S,2ème année secondaire,السنة الثانية ثانوي,2nd year of secondary school,SCI,Sciences,علوم,Sciences,2eme-sciences,HIST,Histoire,التاريخ,History,ar,False,4
secondaire,2S,2ème année secondaire,السنة الثانية ثانوي,2nd year of secondary school,SCI,Sciences,علوم,Sciences,2eme-sciences,GEO,Géographie,الجغرافيا,Geography,ar,False,11
secondaire,2S,2ème année secondaire,السنة الثانية ثانوي,2nd year of secondary school,SCI,Sciences,علوم,Sciences,2eme-sciences,ISLAM,Éducation islamique,التربية الإسلامية,Islamic education,ar,False,7
secondaire,2S,2ème année secondaire,السنة الثانية ثانوي,2nd year of secondary school,SCI,Sciences,علوم,Sciences,2eme-sciences,CIVIQ,Éducation civique,التربية المدنية,Civic education,ar,False,3
secondaire,2S,2ème année secondaire,السنة الثانية ثانوي,2nd year of secondary school,SCI,Sciences,علوم,Sciences,2eme-sciences,EPS,Éducation physique,التربية البدنية,Physical education,ar,False,0
secondaire,2S,2ème année secondaire,السنة الثانية ثانوي,2nd year of secondary school,SPORT,Sport,رياضة,Sport,2eme-sport,ARAB,Arabe,العربية,Arabic,ar,False,3
secondaire,2S,2ème année secondaire,السنة الثانية ثانوي,2nd year of secondary school,SPORT,Sport,رياضة,Sport,2eme-sport,FRAN,Français,الفرنسية,French,fr,False,5
secondaire,2S,2ème année secondaire,السنة الثانية ثانوي,2nd year of secondary school,SPORT,Sport,رياضة,Sport,2eme-sport,ANGL,Anglais,الإنجليزية,English,en,False,10
secondaire,2S,2ème année secondaire,السنة الثانية ثانوي,2nd year of secondary school,SPORT,Sport,رياضة,Sport,2eme-sport,MATH,Mathématiques,الرياضيات,Mathematics,fr,False,8
secondaire,2S,2ème année secondaire,السنة الثانية ثانوي,2nd year of secondary school,SPORT,Sport,رياضة,Sport,2eme-sport,PHYS,Sciences physiques,العلوم الفيزيائية,Physical sciences,fr,False,0
secondaire,2S,2ème année secondaire,السنة الثانية ثانوي,2nd year of secondary school,SPORT,Sport,رياضة,Sport,2eme-sport,BIO,Sciences biologiques,علوم البيولوجيا,Biological sciences,fr,False,9
secondaire,2S,2ème année secondaire,السنة الثانية ثانوي,2nd year of secondary school,SPORT,Sport,رياضة,Sport,2eme-sport,INFO,Informatique,الإعلامية,Computer science,fr,False,0
secondaire,2S,2ème année secondaire,السنة الثانية ثانوي,2nd year of secondary school,SPORT,Sport,رياضة,Sport,2eme-sport,HIST,Histoire,التاريخ,History,ar,False,0
secondaire,2S,2ème année secondaire,السنة الثانية ثانوي,2nd year of secondary school,SPORT,Sport,رياضة,Sport,2eme-sport,GEO,Géographie,الجغرافيا,Geography,ar,False,0
secondaire,2S,2ème année secondaire,السنة الثانية ثانوي,2nd year of secondary school,SPORT,Sport,رياضة,Sport,2eme-sport,EPS,Éducation physique,التربية البدنية,Physical education,ar,False,0
secondaire,2S,2ème année secondaire,السنة الثانية ثانوي,2nd year of secondary school,SPORT,Sport,رياضة,Sport,2eme-sport,SPORTSPEC,Spécialité sportive,الاختصاص الرياضي,Sports specialty,ar,False,0
secondaire,2S,2ème année secondaire,السنة الثانية ثانوي,2nd year of secondary school,SPORT,Sport,رياضة,Sport,2eme-sport,ISLAM,Éducation islamique,التربية الإسلامية,Islamic education,ar,False,7
secondaire,2S,2ème année secondaire,السنة الثانية ثانوي,2nd year of secondary school,SPORT,Sport,رياضة,Sport,2eme-sport,CIVIQ,Éducation civique,التربية المدنية,Civic education,ar,False,3
secondaire,2S,2ème année secondaire,السنة الثانية ثانوي,2nd year of secondary school,TI,Technologie de l'informatique,تكنولوجيا الإعلامية,Computer Technology,2eme-technologie-informatique,ARAB,Arabe,العربية,Arabic,ar,False,8
secondaire,2S,2ème année secondaire,السنة الثانية ثانوي,2nd year of secondary school,TI,Technologie de l'informatique,تكنولوجيا الإعلامية,Computer Technology,2eme-technologie-informatique,FRAN,Français,الفرنسية,French,fr,False,5
secondaire,2S,2ème année secondaire,السنة الثانية ثانوي,2nd year of secondary school,TI,Technologie de l'informatique,تكنولوجيا الإعلامية,Computer Technology,2eme-technologie-informatique,ANGL,Anglais,الإنجليزية,English,en,False,10
secondaire,2S,2ème année secondaire,السنة الثانية ثانوي,2nd year of secondary school,TI,Technologie de l'informatique,تكنولوجيا الإعلامية,Computer Technology,2eme-technologie-informatique,MATH,Mathématiques,الرياضيات,Mathematics,fr,False,19
secondaire,2S,2ème année secondaire,السنة الثانية ثانوي,2nd year of secondary school,TI,Technologie de l'informatique,تكنولوجيا الإعلامية,Computer Technology,2eme-technologie-informatique,PHYS,Sciences physiques,العلوم الفيزيائية,Physical sciences,fr,False,22
secondaire,2S,2ème année secondaire,السنة الثانية ثانوي,2nd year of secondary school,TI,Technologie de l'informatique,تكنولوجيا الإعلامية,Computer Technology,2eme-technologie-informatique,TECHNO,Technologie,التكنولوجيا,Technology,fr,False,7
secondaire,2S,2ème année secondaire,السنة الثانية ثانوي,2nd year of secondary school,TI,Technologie de l'informatique,تكنولوجيا الإعلامية,Computer Technology,2eme-technologie-informatique,INFO,Informatique,الإعلامية,Computer science,fr,False,0
secondaire,2S,2ème année secondaire,السنة الثانية ثانوي,2nd year of secondary school,TI,Technologie de l'informatique,تكنولوجيا الإعلامية,Computer Technology,2eme-technologie-informatique,HIST,Histoire,التاريخ,History,ar,False,4
secondaire,2S,2ème année secondaire,السنة الثانية ثانوي,2nd year of secondary school,TI,Technologie de l'informatique,تكنولوجيا الإعلامية,Computer Technology,2eme-technologie-informatique,GEO,Géographie,الجغرافيا,Geography,ar,False,11
secondaire,2S,2ème année secondaire,السنة الثانية ثانوي,2nd year of secondary school,TI,Technologie de l'informatique,تكنولوجيا الإعلامية,Computer Technology,2eme-technologie-informatique,ISLAM,Éducation islamique,التربية الإسلامية,Islamic education,ar,False,7
secondaire,2S,2ème année secondaire,السنة الثانية ثانوي,2nd year of secondary school,TI,Technologie de l'informatique,تكنولوجيا الإعلامية,Computer Technology,2eme-technologie-informatique,CIVIQ,Éducation civique,التربية المدنية,Civic education,ar,False,3
secondaire,2S,2ème année secondaire,السنة الثانية ثانوي,2nd year of secondary school,TI,Technologie de l'informatique,تكنولوجيا الإعلامية,Computer Technology,2eme-technologie-informatique,EPS,Éducation physique,التربية البدنية,Physical education,ar,False,0
secondaire,3S,3ème année secondaire,السنة الثالثة ثانوي,3rd year of secondary school,ECO,Économie et gestion,اقتصاد وتصرف,Economics and Management,3eme-economie-gestion,ARAB,Arabe,العربية,Arabic,ar,False,6
secondaire,3S,3ème année secondaire,السنة الثالثة ثانوي,3rd year of secondary school,ECO,Économie et gestion,اقتصاد وتصرف,Economics and Management,3eme-economie-gestion,FRAN,Français,الفرنسية,French,fr,False,6
secondaire,3S,3ème année secondaire,السنة الثالثة ثانوي,3rd year of secondary school,ECO,Économie et gestion,اقتصاد وتصرف,Economics and Management,3eme-economie-gestion,ANGL,Anglais,الإنجليزية,English,en,False,6
secondaire,3S,3ème année secondaire,السنة الثالثة ثانوي,3rd year of secondary school,ECO,Économie et gestion,اقتصاد وتصرف,Economics and Management,3eme-economie-gestion,ECO,Économie,الاقتصاد,Economics,ar,False,0
secondaire,3S,3ème année secondaire,السنة الثالثة ثانوي,3rd year of secondary school,ECO,Économie et gestion,اقتصاد وتصرف,Economics and Management,3eme-economie-gestion,GEST,Gestion,التصرف,Management,ar,False,6
secondaire,3S,3ème année secondaire,السنة الثالثة ثانوي,3rd year of secondary school,ECO,Économie et gestion,اقتصاد وتصرف,Economics and Management,3eme-economie-gestion,MATH,Mathématiques,الرياضيات,Mathematics,fr,False,12
secondaire,3S,3ème année secondaire,السنة الثالثة ثانوي,3rd year of secondary school,ECO,Économie et gestion,اقتصاد وتصرف,Economics and Management,3eme-economie-gestion,INFO,Informatique,الإعلامية,Computer science,fr,False,0
secondaire,3S,3ème année secondaire,السنة الثالثة ثانوي,3rd year of secondary school,ECO,Économie et gestion,اقتصاد وتصرف,Economics and Management,3eme-economie-gestion,HIST,Histoire,التاريخ,History,ar,False,5
secondaire,3S,3ème année secondaire,السنة الثالثة ثانوي,3rd year of secondary school,ECO,Économie et gestion,اقتصاد وتصرف,Economics and Management,3eme-economie-gestion,GEO,Géographie,الجغرافيا,Geography,ar,False,3
secondaire,3S,3ème année secondaire,السنة الثالثة ثانوي,3rd year of secondary school,ECO,Économie et gestion,اقتصاد وتصرف,Economics and Management,3eme-economie-gestion,PHILO,Philosophie,الفلسفة,Philosophy,ar,False,3
secondaire,3S,3ème année secondaire,السنة الثالثة ثانوي,3rd year of secondary school,ECO,Économie et gestion,اقتصاد وتصرف,Economics and Management,3eme-economie-gestion,EPS,Éducation physique,التربية البدنية,Physical education,ar,False,0
secondaire,3S,3ème année secondaire,السنة الثالثة ثانوي,3rd year of secondary school,ECO,Économie et gestion,اقتصاد وتصرف,Economics and Management,3eme-economie-gestion,ALLEM,Allemand,الألمانية,German,de,True,6
secondaire,3S,3ème année secondaire,السنة الثالثة ثانوي,3rd year of secondary school,ECO,Économie et gestion,اقتصاد وتصرف,Economics and Management,3eme-economie-gestion,ESPA,Espagnol,الإسبانية,Spanish,es,True,14
secondaire,3S,3ème année secondaire,السنة الثالثة ثانوي,3rd year of secondary school,ECO,Économie et gestion,اقتصاد وتصرف,Economics and Management,3eme-economie-gestion,ITAL,Italien,الإيطالية,Italian,it,True,6
secondaire,3S,3ème année secondaire,السنة الثالثة ثانوي,3rd year of secondary school,ECO,Économie et gestion,اقتصاد وتصرف,Economics and Management,3eme-economie-gestion,RUSSE,Russe,الروسية,Russian,ru,True,10
secondaire,3S,3ème année secondaire,السنة الثالثة ثانوي,3rd year of secondary school,ECO,Économie et gestion,اقتصاد وتصرف,Economics and Management,3eme-economie-gestion,CHIN,Chinois,الصينية,Chinese,zh,True,11
secondaire,3S,3ème année secondaire,السنة الثالثة ثانوي,3rd year of secondary school,ECO,Économie et gestion,اقتصاد وتصرف,Economics and Management,3eme-economie-gestion,PORT,Portugais,البرتغالية,Portuguese,pt,True,0
secondaire,3S,3ème année secondaire,السنة الثالثة ثانوي,3rd year of secondary school,ECO,Économie et gestion,اقتصاد وتصرف,Economics and Management,3eme-economie-gestion,MUSIQ,Éducation musicale,التربية الموسيقية,Music education,ar,True,0
secondaire,3S,3ème année secondaire,السنة الثالثة ثانوي,3rd year of secondary school,ECO,Économie et gestion,اقتصاد وتصرف,Economics and Management,3eme-economie-gestion,ARTPL,Arts plastiques,التربية التشكيلية,Visual arts,ar,True,0
secondaire,3S,3ème année secondaire,السنة الثالثة ثانوي,3rd year of secondary school,INFO,Sciences de l'informatique,علوم الإعلامية,Computer Science,3eme-informatique,ARAB,Arabe,العربية,Arabic,ar,False,6
secondaire,3S,3ème année secondaire,السنة الثالثة ثانوي,3rd year of secondary school,INFO,Sciences de l'informatique,علوم الإعلامية,Computer Science,3eme-informatique,FRAN,Français,الفرنسية,French,fr,False,6
secondaire,3S,3ème année secondaire,السنة الثالثة ثانوي,3rd year of secondary school,INFO,Sciences de l'informatique,علوم الإعلامية,Computer Science,3eme-informatique,ANGL,Anglais,الإنجليزية,English,en,False,6
secondaire,3S,3ème année secondaire,السنة الثالثة ثانوي,3rd year of secondary school,INFO,Sciences de l'informatique,علوم الإعلامية,Computer Science,3eme-informatique,MATH,Mathématiques,الرياضيات,Mathematics,fr,False,15
secondaire,3S,3ème année secondaire,السنة الثالثة ثانوي,3rd year of secondary school,INFO,Sciences de l'informatique,علوم الإعلامية,Computer Science,3eme-informatique,ALGO,Algorithmique et programmation,الخوارزميات والبرمجة,Algorithms and programming,fr,False,0
secondaire,3S,3ème année secondaire,السنة الثالثة ثانوي,3rd year of secondary school,INFO,Sciences de l'informatique,علوم الإعلامية,Computer Science,3eme-informatique,STI,Systèmes et technologies de l'informatique,أنظمة وتكنولوجيات المعلوماتية,Computer systems and technologies,fr,False,0
secondaire,3S,3ème année secondaire,السنة الثالثة ثانوي,3rd year of secondary school,INFO,Sciences de l'informatique,علوم الإعلامية,Computer Science,3eme-informatique,PHYS,Sciences physiques,العلوم الفيزيائية,Physical sciences,fr,False,31
secondaire,3S,3ème année secondaire,السنة الثالثة ثانوي,3rd year of secondary school,INFO,Sciences de l'informatique,علوم الإعلامية,Computer Science,3eme-informatique,HIST,Histoire,التاريخ,History,ar,False,16
secondaire,3S,3ème année secondaire,السنة الثالثة ثانوي,3rd year of secondary school,INFO,Sciences de l'informatique,علوم الإعلامية,Computer Science,3eme-informatique,GEO,Géographie,الجغرافيا,Geography,ar,False,8
secondaire,3S,3ème année secondaire,السنة الثالثة ثانوي,3rd year of secondary school,INFO,Sciences de l'informatique,علوم الإعلامية,Computer Science,3eme-informatique,PHILO,Philosophie,الفلسفة,Philosophy,ar,False,3
secondaire,3S,3ème année secondaire,السنة الثالثة ثانوي,3rd year of secondary school,INFO,Sciences de l'informatique,علوم الإعلامية,Computer Science,3eme-informatique,EPS,Éducation physique,التربية البدنية,Physical education,ar,False,0
secondaire,3S,3ème année secondaire,السنة الثالثة ثانوي,3rd year of secondary school,INFO,Sciences de l'informatique,علوم الإعلامية,Computer Science,3eme-informatique,ALLEM,Allemand,الألمانية,German,de,True,6
secondaire,3S,3ème année secondaire,السنة الثالثة ثانوي,3rd year of secondary school,INFO,Sciences de l'informatique,علوم الإعلامية,Computer Science,3eme-informatique,ESPA,Espagnol,الإسبانية,Spanish,es,True,14
secondaire,3S,3ème année secondaire,السنة الثالثة ثانوي,3rd year of secondary school,INFO,Sciences de l'informatique,علوم الإعلامية,Computer Science,3eme-informatique,ITAL,Italien,الإيطالية,Italian,it,True,6
secondaire,3S,3ème année secondaire,السنة الثالثة ثانوي,3rd year of secondary school,INFO,Sciences de l'informatique,علوم الإعلامية,Computer Science,3eme-informatique,RUSSE,Russe,الروسية,Russian,ru,True,10
secondaire,3S,3ème année secondaire,السنة الثالثة ثانوي,3rd year of secondary school,INFO,Sciences de l'informatique,علوم الإعلامية,Computer Science,3eme-informatique,CHIN,Chinois,الصينية,Chinese,zh,True,11
secondaire,3S,3ème année secondaire,السنة الثالثة ثانوي,3rd year of secondary school,INFO,Sciences de l'informatique,علوم الإعلامية,Computer Science,3eme-informatique,PORT,Portugais,البرتغالية,Portuguese,pt,True,0
secondaire,3S,3ème année secondaire,السنة الثالثة ثانوي,3rd year of secondary school,INFO,Sciences de l'informatique,علوم الإعلامية,Computer Science,3eme-informatique,MUSIQ,Éducation musicale,التربية الموسيقية,Music education,ar,True,0
secondaire,3S,3ème année secondaire,السنة الثالثة ثانوي,3rd year of secondary school,INFO,Sciences de l'informatique,علوم الإعلامية,Computer Science,3eme-informatique,ARTPL,Arts plastiques,التربية التشكيلية,Visual arts,ar,True,0
secondaire,3S,3ème année secondaire,السنة الثالثة ثانوي,3rd year of secondary school,LET,Lettres,آداب,Literature,3eme-lettres,ARAB,Arabe,العربية,Arabic,ar,False,8
secondaire,3S,3ème année secondaire,السنة الثالثة ثانوي,3rd year of secondary school,LET,Lettres,آداب,Literature,3eme-lettres,FRAN,Français,الفرنسية,French,fr,False,6
secondaire,3S,3ème année secondaire,السنة الثالثة ثانوي,3rd year of secondary school,LET,Lettres,آداب,Literature,3eme-lettres,ANGL,Anglais,الإنجليزية,English,en,False,6
secondaire,3S,3ème année secondaire,السنة الثالثة ثانوي,3rd year of secondary school,LET,Lettres,آداب,Literature,3eme-lettres,PHILO,Philosophie,الفلسفة,Philosophy,ar,False,3
secondaire,3S,3ème année secondaire,السنة الثالثة ثانوي,3rd year of secondary school,LET,Lettres,آداب,Literature,3eme-lettres,HIST,Histoire,التاريخ,History,ar,False,5
secondaire,3S,3ème année secondaire,السنة الثالثة ثانوي,3rd year of secondary school,LET,Lettres,آداب,Literature,3eme-lettres,GEO,Géographie,الجغرافيا,Geography,ar,False,3
secondaire,3S,3ème année secondaire,السنة الثالثة ثانوي,3rd year of secondary school,LET,Lettres,آداب,Literature,3eme-lettres,ISLAM,Éducation islamique,التربية الإسلامية,Islamic education,ar,False,3
secondaire,3S,3ème année secondaire,السنة الثالثة ثانوي,3rd year of secondary school,LET,Lettres,آداب,Literature,3eme-lettres,CIVIQ,Éducation civique,التربية المدنية,Civic education,ar,False,9
secondaire,3S,3ème année secondaire,السنة الثالثة ثانوي,3rd year of secondary school,LET,Lettres,آداب,Literature,3eme-lettres,INFO,Informatique,الإعلامية,Computer science,fr,False,0
secondaire,3S,3ème année secondaire,السنة الثالثة ثانوي,3rd year of secondary school,LET,Lettres,آداب,Literature,3eme-lettres,EPS,Éducation physique,التربية البدنية,Physical education,ar,False,0
secondaire,3S,3ème année secondaire,السنة الثالثة ثانوي,3rd year of secondary school,LET,Lettres,آداب,Literature,3eme-lettres,MATH,Mathématiques,الرياضيات,Mathematics,fr,True,7
secondaire,3S,3ème année secondaire,السنة الثالثة ثانوي,3rd year of secondary school,LET,Lettres,آداب,Literature,3eme-lettres,SVT,Sciences de la vie et de la terre,علوم الحياة والأرض,Life and earth sciences,fr,True,7
secondaire,3S,3ème année secondaire,السنة الثالثة ثانوي,3rd year of secondary school,LET,Lettres,آداب,Literature,3eme-lettres,ALLEM,Allemand,الألمانية,German,de,True,6
secondaire,3S,3ème année secondaire,السنة الثالثة ثانوي,3rd year of secondary school,LET,Lettres,آداب,Literature,3eme-lettres,ESPA,Espagnol,الإسبانية,Spanish,es,True,14
secondaire,3S,3ème année secondaire,السنة الثالثة ثانوي,3rd year of secondary school,LET,Lettres,آداب,Literature,3eme-lettres,ITAL,Italien,الإيطالية,Italian,it,True,6
secondaire,3S,3ème année secondaire,السنة الثالثة ثانوي,3rd year of secondary school,LET,Lettres,آداب,Literature,3eme-lettres,RUSSE,Russe,الروسية,Russian,ru,True,10
secondaire,3S,3ème année secondaire,السنة الثالثة ثانوي,3rd year of secondary school,LET,Lettres,آداب,Literature,3eme-lettres,CHIN,Chinois,الصينية,Chinese,zh,True,11
secondaire,3S,3ème année secondaire,السنة الثالثة ثانوي,3rd year of secondary school,LET,Lettres,آداب,Literature,3eme-lettres,PORT,Portugais,البرتغالية,Portuguese,pt,True,0
secondaire,3S,3ème année secondaire,السنة الثالثة ثانوي,3rd year of secondary school,LET,Lettres,آداب,Literature,3eme-lettres,MUSIQ,Éducation musicale,التربية الموسيقية,Music education,ar,True,0
secondaire,3S,3ème année secondaire,السنة الثالثة ثانوي,3rd year of secondary school,LET,Lettres,آداب,Literature,3eme-lettres,ARTPL,Arts plastiques,التربية التشكيلية,Visual arts,ar,True,0
secondaire,3S,3ème année secondaire,السنة الثالثة ثانوي,3rd year of secondary school,MATH,Mathématiques,رياضيات,Mathematics,3eme-mathematiques,ARAB,Arabe,العربية,Arabic,ar,False,6
secondaire,3S,3ème année secondaire,السنة الثالثة ثانوي,3rd year of secondary school,MATH,Mathématiques,رياضيات,Mathematics,3eme-mathematiques,FRAN,Français,الفرنسية,French,fr,False,6
secondaire,3S,3ème année secondaire,السنة الثالثة ثانوي,3rd year of secondary school,MATH,Mathématiques,رياضيات,Mathematics,3eme-mathematiques,ANGL,Anglais,الإنجليزية,English,en,False,6
secondaire,3S,3ème année secondaire,السنة الثالثة ثانوي,3rd year of secondary school,MATH,Mathématiques,رياضيات,Mathematics,3eme-mathematiques,MATH,Mathématiques,الرياضيات,Mathematics,fr,False,23
secondaire,3S,3ème année secondaire,السنة الثالثة ثانوي,3rd year of secondary school,MATH,Mathématiques,رياضيات,Mathematics,3eme-mathematiques,PHYS,Sciences physiques,العلوم الفيزيائية,Physical sciences,fr,False,25
secondaire,3S,3ème année secondaire,السنة الثالثة ثانوي,3rd year of secondary school,MATH,Mathématiques,رياضيات,Mathematics,3eme-mathematiques,SVT,Sciences de la vie et de la terre,علوم الحياة والأرض,Life and earth sciences,fr,False,9
secondaire,3S,3ème année secondaire,السنة الثالثة ثانوي,3rd year of secondary school,MATH,Mathématiques,رياضيات,Mathematics,3eme-mathematiques,INFO,Informatique,الإعلامية,Computer science,fr,False,0
secondaire,3S,3ème année secondaire,السنة الثالثة ثانوي,3rd year of secondary school,MATH,Mathématiques,رياضيات,Mathematics,3eme-mathematiques,HIST,Histoire,التاريخ,History,ar,False,16
secondaire,3S,3ème année secondaire,السنة الثالثة ثانوي,3rd year of secondary school,MATH,Mathématiques,رياضيات,Mathematics,3eme-mathematiques,GEO,Géographie,الجغرافيا,Geography,ar,False,8
secondaire,3S,3ème année secondaire,السنة الثالثة ثانوي,3rd year of secondary school,MATH,Mathématiques,رياضيات,Mathematics,3eme-mathematiques,ISLAM,Éducation islamique,التربية الإسلامية,Islamic education,ar,False,3
secondaire,3S,3ème année secondaire,السنة الثالثة ثانوي,3rd year of secondary school,MATH,Mathématiques,رياضيات,Mathematics,3eme-mathematiques,PHILO,Philosophie,الفلسفة,Philosophy,ar,False,3
secondaire,3S,3ème année secondaire,السنة الثالثة ثانوي,3rd year of secondary school,MATH,Mathématiques,رياضيات,Mathematics,3eme-mathematiques,EPS,Éducation physique,التربية البدنية,Physical education,ar,False,0
secondaire,3S,3ème année secondaire,السنة الثالثة ثانوي,3rd year of secondary school,MATH,Mathématiques,رياضيات,Mathematics,3eme-mathematiques,ALLEM,Allemand,الألمانية,German,de,True,6
secondaire,3S,3ème année secondaire,السنة الثالثة ثانوي,3rd year of secondary school,MATH,Mathématiques,رياضيات,Mathematics,3eme-mathematiques,ESPA,Espagnol,الإسبانية,Spanish,es,True,14
secondaire,3S,3ème année secondaire,السنة الثالثة ثانوي,3rd year of secondary school,MATH,Mathématiques,رياضيات,Mathematics,3eme-mathematiques,ITAL,Italien,الإيطالية,Italian,it,True,6
secondaire,3S,3ème année secondaire,السنة الثالثة ثانوي,3rd year of secondary school,MATH,Mathématiques,رياضيات,Mathematics,3eme-mathematiques,RUSSE,Russe,الروسية,Russian,ru,True,10
secondaire,3S,3ème année secondaire,السنة الثالثة ثانوي,3rd year of secondary school,MATH,Mathématiques,رياضيات,Mathematics,3eme-mathematiques,CHIN,Chinois,الصينية,Chinese,zh,True,11
secondaire,3S,3ème année secondaire,السنة الثالثة ثانوي,3rd year of secondary school,MATH,Mathématiques,رياضيات,Mathematics,3eme-mathematiques,PORT,Portugais,البرتغالية,Portuguese,pt,True,0
secondaire,3S,3ème année secondaire,السنة الثالثة ثانوي,3rd year of secondary school,MATH,Mathématiques,رياضيات,Mathematics,3eme-mathematiques,MUSIQ,Éducation musicale,التربية الموسيقية,Music education,ar,True,0
secondaire,3S,3ème année secondaire,السنة الثالثة ثانوي,3rd year of secondary school,MATH,Mathématiques,رياضيات,Mathematics,3eme-mathematiques,ARTPL,Arts plastiques,التربية التشكيلية,Visual arts,ar,True,0
secondaire,3S,3ème année secondaire,السنة الثالثة ثانوي,3rd year of secondary school,SCEXP,Sciences expérimentales,علوم تجريبية,Experimental Sciences,3eme-sciences-experimentales,ARAB,Arabe,العربية,Arabic,ar,False,6
secondaire,3S,3ème année secondaire,السنة الثالثة ثانوي,3rd year of secondary school,SCEXP,Sciences expérimentales,علوم تجريبية,Experimental Sciences,3eme-sciences-experimentales,FRAN,Français,الفرنسية,French,fr,False,6
secondaire,3S,3ème année secondaire,السنة الثالثة ثانوي,3rd year of secondary school,SCEXP,Sciences expérimentales,علوم تجريبية,Experimental Sciences,3eme-sciences-experimentales,ANGL,Anglais,الإنجليزية,English,en,False,6
secondaire,3S,3ème année secondaire,السنة الثالثة ثانوي,3rd year of secondary school,SCEXP,Sciences expérimentales,علوم تجريبية,Experimental Sciences,3eme-sciences-experimentales,SVT,Sciences de la vie et de la terre,علوم الحياة والأرض,Life and earth sciences,fr,False,17
secondaire,3S,3ème année secondaire,السنة الثالثة ثانوي,3rd year of secondary school,SCEXP,Sciences expérimentales,علوم تجريبية,Experimental Sciences,3eme-sciences-experimentales,PHYS,Sciences physiques,العلوم الفيزيائية,Physical sciences,fr,False,24
secondaire,3S,3ème année secondaire,السنة الثالثة ثانوي,3rd year of secondary school,SCEXP,Sciences expérimentales,علوم تجريبية,Experimental Sciences,3eme-sciences-experimentales,MATH,Mathématiques,الرياضيات,Mathematics,fr,False,20
secondaire,3S,3ème année secondaire,السنة الثالثة ثانوي,3rd year of secondary school,SCEXP,Sciences expérimentales,علوم تجريبية,Experimental Sciences,3eme-sciences-experimentales,INFO,Informatique,الإعلامية,Computer science,fr,False,0
secondaire,3S,3ème année secondaire,السنة الثالثة ثانوي,3rd year of secondary school,SCEXP,Sciences expérimentales,علوم تجريبية,Experimental Sciences,3eme-sciences-experimentales,HIST,Histoire,التاريخ,History,ar,False,16
secondaire,3S,3ème année secondaire,السنة الثالثة ثانوي,3rd year of secondary school,SCEXP,Sciences expérimentales,علوم تجريبية,Experimental Sciences,3eme-sciences-experimentales,GEO,Géographie,الجغرافيا,Geography,ar,False,8
secondaire,3S,3ème année secondaire,السنة الثالثة ثانوي,3rd year of secondary school,SCEXP,Sciences expérimentales,علوم تجريبية,Experimental Sciences,3eme-sciences-experimentales,ISLAM,Éducation islamique,التربية الإسلامية,Islamic education,ar,False,3
secondaire,3S,3ème année secondaire,السنة الثالثة ثانوي,3rd year of secondary school,SCEXP,Sciences expérimentales,علوم تجريبية,Experimental Sciences,3eme-sciences-experimentales,PHILO,Philosophie,الفلسفة,Philosophy,ar,False,3
secondaire,3S,3ème année secondaire,السنة الثالثة ثانوي,3rd year of secondary school,SCEXP,Sciences expérimentales,علوم تجريبية,Experimental Sciences,3eme-sciences-experimentales,EPS,Éducation physique,التربية البدنية,Physical education,ar,False,0
secondaire,3S,3ème année secondaire,السنة الثالثة ثانوي,3rd year of secondary school,SCEXP,Sciences expérimentales,علوم تجريبية,Experimental Sciences,3eme-sciences-experimentales,ALLEM,Allemand,الألمانية,German,de,True,6
secondaire,3S,3ème année secondaire,السنة الثالثة ثانوي,3rd year of secondary school,SCEXP,Sciences expérimentales,علوم تجريبية,Experimental Sciences,3eme-sciences-experimentales,ESPA,Espagnol,الإسبانية,Spanish,es,True,14
secondaire,3S,3ème année secondaire,السنة الثالثة ثانوي,3rd year of secondary school,SCEXP,Sciences expérimentales,علوم تجريبية,Experimental Sciences,3eme-sciences-experimentales,ITAL,Italien,الإيطالية,Italian,it,True,6
secondaire,3S,3ème année secondaire,السنة الثالثة ثانوي,3rd year of secondary school,SCEXP,Sciences expérimentales,علوم تجريبية,Experimental Sciences,3eme-sciences-experimentales,RUSSE,Russe,الروسية,Russian,ru,True,10
secondaire,3S,3ème année secondaire,السنة الثالثة ثانوي,3rd year of secondary school,SCEXP,Sciences expérimentales,علوم تجريبية,Experimental Sciences,3eme-sciences-experimentales,CHIN,Chinois,الصينية,Chinese,zh,True,11
secondaire,3S,3ème année secondaire,السنة الثالثة ثانوي,3rd year of secondary school,SCEXP,Sciences expérimentales,علوم تجريبية,Experimental Sciences,3eme-sciences-experimentales,PORT,Portugais,البرتغالية,Portuguese,pt,True,0
secondaire,3S,3ème année secondaire,السنة الثالثة ثانوي,3rd year of secondary school,SCEXP,Sciences expérimentales,علوم تجريبية,Experimental Sciences,3eme-sciences-experimentales,MUSIQ,Éducation musicale,التربية الموسيقية,Music education,ar,True,0
secondaire,3S,3ème année secondaire,السنة الثالثة ثانوي,3rd year of secondary school,SCEXP,Sciences expérimentales,علوم تجريبية,Experimental Sciences,3eme-sciences-experimentales,ARTPL,Arts plastiques,التربية التشكيلية,Visual arts,ar,True,0
secondaire,3S,3ème année secondaire,السنة الثالثة ثانوي,3rd year of secondary school,SPORT,Sport,رياضة,Sport,3eme-sport,ARAB,Arabe,العربية,Arabic,ar,False,3
secondaire,3S,3ème année secondaire,السنة الثالثة ثانوي,3rd year of secondary school,SPORT,Sport,رياضة,Sport,3eme-sport,FRAN,Français,الفرنسية,French,fr,False,6
secondaire,3S,3ème année secondaire,السنة الثالثة ثانوي,3rd year of secondary school,SPORT,Sport,رياضة,Sport,3eme-sport,ANGL,Anglais,الإنجليزية,English,en,False,6
secondaire,3S,3ème année secondaire,السنة الثالثة ثانوي,3rd year of secondary school,SPORT,Sport,رياضة,Sport,3eme-sport,MATH,Mathématiques,الرياضيات,Mathematics,fr,False,8
secondaire,3S,3ème année secondaire,السنة الثالثة ثانوي,3rd year of secondary school,SPORT,Sport,رياضة,Sport,3eme-sport,PHYS,Sciences physiques,العلوم الفيزيائية,Physical sciences,fr,False,0
secondaire,3S,3ème année secondaire,السنة الثالثة ثانوي,3rd year of secondary school,SPORT,Sport,رياضة,Sport,3eme-sport,BIO,Sciences biologiques,علوم البيولوجيا,Biological sciences,fr,False,14
secondaire,3S,3ème année secondaire,السنة الثالثة ثانوي,3rd year of secondary school,SPORT,Sport,رياضة,Sport,3eme-sport,INFO,Informatique,الإعلامية,Computer science,fr,False,0
secondaire,3S,3ème année secondaire,السنة الثالثة ثانوي,3rd year of secondary school,SPORT,Sport,رياضة,Sport,3eme-sport,HIST,Histoire,التاريخ,History,ar,False,0
secondaire,3S,3ème année secondaire,السنة الثالثة ثانوي,3rd year of secondary school,SPORT,Sport,رياضة,Sport,3eme-sport,GEO,Géographie,الجغرافيا,Geography,ar,False,0
secondaire,3S,3ème année secondaire,السنة الثالثة ثانوي,3rd year of secondary school,SPORT,Sport,رياضة,Sport,3eme-sport,EPS,Éducation physique,التربية البدنية,Physical education,ar,False,0
secondaire,3S,3ème année secondaire,السنة الثالثة ثانوي,3rd year of secondary school,SPORT,Sport,رياضة,Sport,3eme-sport,SPORTSPEC,Spécialité sportive,الاختصاص الرياضي,Sports specialty,ar,False,0
secondaire,3S,3ème année secondaire,السنة الثالثة ثانوي,3rd year of secondary school,SPORT,Sport,رياضة,Sport,3eme-sport,ISLAM,Éducation islamique,التربية الإسلامية,Islamic education,ar,False,0
secondaire,3S,3ème année secondaire,السنة الثالثة ثانوي,3rd year of secondary school,SPORT,Sport,رياضة,Sport,3eme-sport,CIVIQ,Éducation civique,التربية المدنية,Civic education,ar,False,0
secondaire,3S,3ème année secondaire,السنة الثالثة ثانوي,3rd year of secondary school,SPORT,Sport,رياضة,Sport,3eme-sport,PHILO,Philosophie,الفلسفة,Philosophy,ar,False,3
secondaire,3S,3ème année secondaire,السنة الثالثة ثانوي,3rd year of secondary school,TECH,Sciences techniques,العلوم التقنية,Technical Sciences,3eme-techniques,ARAB,Arabe,العربية,Arabic,ar,False,6
secondaire,3S,3ème année secondaire,السنة الثالثة ثانوي,3rd year of secondary school,TECH,Sciences techniques,العلوم التقنية,Technical Sciences,3eme-techniques,FRAN,Français,الفرنسية,French,fr,False,6
secondaire,3S,3ème année secondaire,السنة الثالثة ثانوي,3rd year of secondary school,TECH,Sciences techniques,العلوم التقنية,Technical Sciences,3eme-techniques,ANGL,Anglais,الإنجليزية,English,en,False,6
secondaire,3S,3ème année secondaire,السنة الثالثة ثانوي,3rd year of secondary school,TECH,Sciences techniques,العلوم التقنية,Technical Sciences,3eme-techniques,TECHNO,Technologie,التكنولوجيا,Technology,fr,False,16
secondaire,3S,3ème année secondaire,السنة الثالثة ثانوي,3rd year of secondary school,TECH,Sciences techniques,العلوم التقنية,Technical Sciences,3eme-techniques,MATH,Mathématiques,الرياضيات,Mathematics,fr,False,19
secondaire,3S,3ème année secondaire,السنة الثالثة ثانوي,3rd year of secondary school,TECH,Sciences techniques,العلوم التقنية,Technical Sciences,3eme-techniques,PHYS,Sciences physiques,العلوم الفيزيائية,Physical sciences,fr,False,25
secondaire,3S,3ème année secondaire,السنة الثالثة ثانوي,3rd year of secondary school,TECH,Sciences techniques,العلوم التقنية,Technical Sciences,3eme-techniques,INFO,Informatique,الإعلامية,Computer science,fr,False,0
secondaire,3S,3ème année secondaire,السنة الثالثة ثانوي,3rd year of secondary school,TECH,Sciences techniques,العلوم التقنية,Technical Sciences,3eme-techniques,HIST,Histoire,التاريخ,History,ar,False,16
secondaire,3S,3ème année secondaire,السنة الثالثة ثانوي,3rd year of secondary school,TECH,Sciences techniques,العلوم التقنية,Technical Sciences,3eme-techniques,GEO,Géographie,الجغرافيا,Geography,ar,False,8
secondaire,3S,3ème année secondaire,السنة الثالثة ثانوي,3rd year of secondary school,TECH,Sciences techniques,العلوم التقنية,Technical Sciences,3eme-techniques,PHILO,Philosophie,الفلسفة,Philosophy,ar,False,3
secondaire,3S,3ème année secondaire,السنة الثالثة ثانوي,3rd year of secondary school,TECH,Sciences techniques,العلوم التقنية,Technical Sciences,3eme-techniques,EPS,Éducation physique,التربية البدنية,Physical education,ar,False,0
secondaire,3S,3ème année secondaire,السنة الثالثة ثانوي,3rd year of secondary school,TECH,Sciences techniques,العلوم التقنية,Technical Sciences,3eme-techniques,ALLEM,Allemand,الألمانية,German,de,True,6
secondaire,3S,3ème année secondaire,السنة الثالثة ثانوي,3rd year of secondary school,TECH,Sciences techniques,العلوم التقنية,Technical Sciences,3eme-techniques,ESPA,Espagnol,الإسبانية,Spanish,es,True,14
secondaire,3S,3ème année secondaire,السنة الثالثة ثانوي,3rd year of secondary school,TECH,Sciences techniques,العلوم التقنية,Technical Sciences,3eme-techniques,ITAL,Italien,الإيطالية,Italian,it,True,6
secondaire,3S,3ème année secondaire,السنة الثالثة ثانوي,3rd year of secondary school,TECH,Sciences techniques,العلوم التقنية,Technical Sciences,3eme-techniques,RUSSE,Russe,الروسية,Russian,ru,True,10
secondaire,3S,3ème année secondaire,السنة الثالثة ثانوي,3rd year of secondary school,TECH,Sciences techniques,العلوم التقنية,Technical Sciences,3eme-techniques,CHIN,Chinois,الصينية,Chinese,zh,True,11
secondaire,3S,3ème année secondaire,السنة الثالثة ثانوي,3rd year of secondary school,TECH,Sciences techniques,العلوم التقنية,Technical Sciences,3eme-techniques,PORT,Portugais,البرتغالية,Portuguese,pt,True,0
secondaire,3S,3ème année secondaire,السنة الثالثة ثانوي,3rd year of secondary school,TECH,Sciences techniques,العلوم التقنية,Technical Sciences,3eme-techniques,MUSIQ,Éducation musicale,التربية الموسيقية,Music education,ar,True,0
secondaire,3S,3ème année secondaire,السنة الثالثة ثانوي,3rd year of secondary school,TECH,Sciences techniques,العلوم التقنية,Technical Sciences,3eme-techniques,ARTPL,Arts plastiques,التربية التشكيلية,Visual arts,ar,True,0
secondaire,BAC,Baccalauréat (4ème année secondaire),البكالوريا (السنة الرابعة ثانوي),Baccalaureate (4th year of secondary education),ECO,Économie et gestion,اقتصاد وتصرف,Economics and Management,bac-economie-gestion,ARAB,Arabe,العربية,Arabic,ar,False,2
secondaire,BAC,Baccalauréat (4ème année secondaire),البكالوريا (السنة الرابعة ثانوي),Baccalaureate (4th year of secondary education),ECO,Économie et gestion,اقتصاد وتصرف,Economics and Management,bac-economie-gestion,FRAN,Français,الفرنسية,French,fr,False,7
secondaire,BAC,Baccalauréat (4ème année secondaire),البكالوريا (السنة الرابعة ثانوي),Baccalaureate (4th year of secondary education),ECO,Économie et gestion,اقتصاد وتصرف,Economics and Management,bac-economie-gestion,ANGL,Anglais,الإنجليزية,English,en,False,5
secondaire,BAC,Baccalauréat (4ème année secondaire),البكالوريا (السنة الرابعة ثانوي),Baccalaureate (4th year of secondary education),ECO,Économie et gestion,اقتصاد وتصرف,Economics and Management,bac-economie-gestion,ECO,Économie,الاقتصاد,Economics,ar,False,0
secondaire,BAC,Baccalauréat (4ème année secondaire),البكالوريا (السنة الرابعة ثانوي),Baccalaureate (4th year of secondary education),ECO,Économie et gestion,اقتصاد وتصرف,Economics and Management,bac-economie-gestion,GEST,Gestion,التصرف,Management,ar,False,6
secondaire,BAC,Baccalauréat (4ème année secondaire),البكالوريا (السنة الرابعة ثانوي),Baccalaureate (4th year of secondary education),ECO,Économie et gestion,اقتصاد وتصرف,Economics and Management,bac-economie-gestion,MATH,Mathématiques,الرياضيات,Mathematics,fr,False,10
secondaire,BAC,Baccalauréat (4ème année secondaire),البكالوريا (السنة الرابعة ثانوي),Baccalaureate (4th year of secondary education),ECO,Économie et gestion,اقتصاد وتصرف,Economics and Management,bac-economie-gestion,HISTGEO,Histoire-Géographie,التاريخ والجغرافيا,History and Geography,ar,False,26
secondaire,BAC,Baccalauréat (4ème année secondaire),البكالوريا (السنة الرابعة ثانوي),Baccalaureate (4th year of secondary education),ECO,Économie et gestion,اقتصاد وتصرف,Economics and Management,bac-economie-gestion,INFO,Informatique,الإعلامية,Computer science,fr,False,0
secondaire,BAC,Baccalauréat (4ème année secondaire),البكالوريا (السنة الرابعة ثانوي),Baccalaureate (4th year of secondary education),ECO,Économie et gestion,اقتصاد وتصرف,Economics and Management,bac-economie-gestion,PHILO,Philosophie,الفلسفة,Philosophy,ar,False,5
secondaire,BAC,Baccalauréat (4ème année secondaire),البكالوريا (السنة الرابعة ثانوي),Baccalaureate (4th year of secondary education),ECO,Économie et gestion,اقتصاد وتصرف,Economics and Management,bac-economie-gestion,EPS,Éducation physique,التربية البدنية,Physical education,ar,False,0
secondaire,BAC,Baccalauréat (4ème année secondaire),البكالوريا (السنة الرابعة ثانوي),Baccalaureate (4th year of secondary education),ECO,Économie et gestion,اقتصاد وتصرف,Economics and Management,bac-economie-gestion,ALLEM,Allemand,الألمانية,German,de,True,5
secondaire,BAC,Baccalauréat (4ème année secondaire),البكالوريا (السنة الرابعة ثانوي),Baccalaureate (4th year of secondary education),ECO,Économie et gestion,اقتصاد وتصرف,Economics and Management,bac-economie-gestion,ESPA,Espagnol,الإسبانية,Spanish,es,True,12
secondaire,BAC,Baccalauréat (4ème année secondaire),البكالوريا (السنة الرابعة ثانوي),Baccalaureate (4th year of secondary education),ECO,Économie et gestion,اقتصاد وتصرف,Economics and Management,bac-economie-gestion,ITAL,Italien,الإيطالية,Italian,it,True,6
secondaire,BAC,Baccalauréat (4ème année secondaire),البكالوريا (السنة الرابعة ثانوي),Baccalaureate (4th year of secondary education),ECO,Économie et gestion,اقتصاد وتصرف,Economics and Management,bac-economie-gestion,RUSSE,Russe,الروسية,Russian,ru,True,0
secondaire,BAC,Baccalauréat (4ème année secondaire),البكالوريا (السنة الرابعة ثانوي),Baccalaureate (4th year of secondary education),ECO,Économie et gestion,اقتصاد وتصرف,Economics and Management,bac-economie-gestion,CHIN,Chinois,الصينية,Chinese,zh,True,10
secondaire,BAC,Baccalauréat (4ème année secondaire),البكالوريا (السنة الرابعة ثانوي),Baccalaureate (4th year of secondary education),ECO,Économie et gestion,اقتصاد وتصرف,Economics and Management,bac-economie-gestion,PORT,Portugais,البرتغالية,Portuguese,pt,True,0
secondaire,BAC,Baccalauréat (4ème année secondaire),البكالوريا (السنة الرابعة ثانوي),Baccalaureate (4th year of secondary education),ECO,Économie et gestion,اقتصاد وتصرف,Economics and Management,bac-economie-gestion,MUSIQ,Éducation musicale,التربية الموسيقية,Music education,ar,True,0
secondaire,BAC,Baccalauréat (4ème année secondaire),البكالوريا (السنة الرابعة ثانوي),Baccalaureate (4th year of secondary education),ECO,Économie et gestion,اقتصاد وتصرف,Economics and Management,bac-economie-gestion,ARTPL,Arts plastiques,التربية التشكيلية,Visual arts,ar,True,0
secondaire,BAC,Baccalauréat (4ème année secondaire),البكالوريا (السنة الرابعة ثانوي),Baccalaureate (4th year of secondary education),INFO,Sciences de l'informatique,علوم الإعلامية,Computer Science,bac-informatique,ARAB,Arabe,العربية,Arabic,ar,False,2
secondaire,BAC,Baccalauréat (4ème année secondaire),البكالوريا (السنة الرابعة ثانوي),Baccalaureate (4th year of secondary education),INFO,Sciences de l'informatique,علوم الإعلامية,Computer Science,bac-informatique,FRAN,Français,الفرنسية,French,fr,False,7
secondaire,BAC,Baccalauréat (4ème année secondaire),البكالوريا (السنة الرابعة ثانوي),Baccalaureate (4th year of secondary education),INFO,Sciences de l'informatique,علوم الإعلامية,Computer Science,bac-informatique,ANGL,Anglais,الإنجليزية,English,en,False,5
secondaire,BAC,Baccalauréat (4ème année secondaire),البكالوريا (السنة الرابعة ثانوي),Baccalaureate (4th year of secondary education),INFO,Sciences de l'informatique,علوم الإعلامية,Computer Science,bac-informatique,ALGO,Algorithmique et programmation,الخوارزميات والبرمجة,Algorithms and programming,fr,False,0
secondaire,BAC,Baccalauréat (4ème année secondaire),البكالوريا (السنة الرابعة ثانوي),Baccalaureate (4th year of secondary education),INFO,Sciences de l'informatique,علوم الإعلامية,Computer Science,bac-informatique,STI,Systèmes et technologies de l'informatique,أنظمة وتكنولوجيات المعلوماتية,Computer systems and technologies,fr,False,0
secondaire,BAC,Baccalauréat (4ème année secondaire),البكالوريا (السنة الرابعة ثانوي),Baccalaureate (4th year of secondary education),INFO,Sciences de l'informatique,علوم الإعلامية,Computer Science,bac-informatique,MATH,Mathématiques,الرياضيات,Mathematics,fr,False,13
secondaire,BAC,Baccalauréat (4ème année secondaire),البكالوريا (السنة الرابعة ثانوي),Baccalaureate (4th year of secondary education),INFO,Sciences de l'informatique,علوم الإعلامية,Computer Science,bac-informatique,PHYS,Sciences physiques,العلوم الفيزيائية,Physical sciences,fr,False,19
secondaire,BAC,Baccalauréat (4ème année secondaire),البكالوريا (السنة الرابعة ثانوي),Baccalaureate (4th year of secondary education),INFO,Sciences de l'informatique,علوم الإعلامية,Computer Science,bac-informatique,PHILO,Philosophie,الفلسفة,Philosophy,ar,False,5
secondaire,BAC,Baccalauréat (4ème année secondaire),البكالوريا (السنة الرابعة ثانوي),Baccalaureate (4th year of secondary education),INFO,Sciences de l'informatique,علوم الإعلامية,Computer Science,bac-informatique,EPS,Éducation physique,التربية البدنية,Physical education,ar,False,0
secondaire,BAC,Baccalauréat (4ème année secondaire),البكالوريا (السنة الرابعة ثانوي),Baccalaureate (4th year of secondary education),INFO,Sciences de l'informatique,علوم الإعلامية,Computer Science,bac-informatique,ALLEM,Allemand,الألمانية,German,de,True,5
secondaire,BAC,Baccalauréat (4ème année secondaire),البكالوريا (السنة الرابعة ثانوي),Baccalaureate (4th year of secondary education),INFO,Sciences de l'informatique,علوم الإعلامية,Computer Science,bac-informatique,ESPA,Espagnol,الإسبانية,Spanish,es,True,12
secondaire,BAC,Baccalauréat (4ème année secondaire),البكالوريا (السنة الرابعة ثانوي),Baccalaureate (4th year of secondary education),INFO,Sciences de l'informatique,علوم الإعلامية,Computer Science,bac-informatique,ITAL,Italien,الإيطالية,Italian,it,True,6
secondaire,BAC,Baccalauréat (4ème année secondaire),البكالوريا (السنة الرابعة ثانوي),Baccalaureate (4th year of secondary education),INFO,Sciences de l'informatique,علوم الإعلامية,Computer Science,bac-informatique,RUSSE,Russe,الروسية,Russian,ru,True,0
secondaire,BAC,Baccalauréat (4ème année secondaire),البكالوريا (السنة الرابعة ثانوي),Baccalaureate (4th year of secondary education),INFO,Sciences de l'informatique,علوم الإعلامية,Computer Science,bac-informatique,CHIN,Chinois,الصينية,Chinese,zh,True,10
secondaire,BAC,Baccalauréat (4ème année secondaire),البكالوريا (السنة الرابعة ثانوي),Baccalaureate (4th year of secondary education),INFO,Sciences de l'informatique,علوم الإعلامية,Computer Science,bac-informatique,PORT,Portugais,البرتغالية,Portuguese,pt,True,0
secondaire,BAC,Baccalauréat (4ème année secondaire),البكالوريا (السنة الرابعة ثانوي),Baccalaureate (4th year of secondary education),INFO,Sciences de l'informatique,علوم الإعلامية,Computer Science,bac-informatique,MUSIQ,Éducation musicale,التربية الموسيقية,Music education,ar,True,0
secondaire,BAC,Baccalauréat (4ème année secondaire),البكالوريا (السنة الرابعة ثانوي),Baccalaureate (4th year of secondary education),INFO,Sciences de l'informatique,علوم الإعلامية,Computer Science,bac-informatique,ARTPL,Arts plastiques,التربية التشكيلية,Visual arts,ar,True,0
secondaire,BAC,Baccalauréat (4ème année secondaire),البكالوريا (السنة الرابعة ثانوي),Baccalaureate (4th year of secondary education),LET,Lettres,آداب,Literature,bac-lettres,ARAB,Arabe,العربية,Arabic,ar,False,5
secondaire,BAC,Baccalauréat (4ème année secondaire),البكالوريا (السنة الرابعة ثانوي),Baccalaureate (4th year of secondary education),LET,Lettres,آداب,Literature,bac-lettres,FRAN,Français,الفرنسية,French,fr,False,6
secondaire,BAC,Baccalauréat (4ème année secondaire),البكالوريا (السنة الرابعة ثانوي),Baccalaureate (4th year of secondary education),LET,Lettres,آداب,Literature,bac-lettres,ANGL,Anglais,الإنجليزية,English,en,False,5
secondaire,BAC,Baccalauréat (4ème année secondaire),البكالوريا (السنة الرابعة ثانوي),Baccalaureate (4th year of secondary education),LET,Lettres,آداب,Literature,bac-lettres,PHILO,Philosophie,الفلسفة,Philosophy,ar,False,8
secondaire,BAC,Baccalauréat (4ème année secondaire),البكالوريا (السنة الرابعة ثانوي),Baccalaureate (4th year of secondary education),LET,Lettres,آداب,Literature,bac-lettres,HISTGEO,Histoire-Géographie,التاريخ والجغرافيا,History and Geography,ar,False,26
secondaire,BAC,Baccalauréat (4ème année secondaire),البكالوريا (السنة الرابعة ثانوي),Baccalaureate (4th year of secondary education),LET,Lettres,آداب,Literature,bac-lettres,ISLAM,Éducation islamique,التربية الإسلامية,Islamic education,ar,False,7
secondaire,BAC,Baccalauréat (4ème année secondaire),البكالوريا (السنة الرابعة ثانوي),Baccalaureate (4th year of secondary education),LET,Lettres,آداب,Literature,bac-lettres,INFO,Informatique,الإعلامية,Computer science,fr,False,0
secondaire,BAC,Baccalauréat (4ème année secondaire),البكالوريا (السنة الرابعة ثانوي),Baccalaureate (4th year of secondary education),LET,Lettres,آداب,Literature,bac-lettres,EPS,Éducation physique,التربية البدنية,Physical education,ar,False,0
secondaire,BAC,Baccalauréat (4ème année secondaire),البكالوريا (السنة الرابعة ثانوي),Baccalaureate (4th year of secondary education),LET,Lettres,آداب,Literature,bac-lettres,MATH,Mathématiques,الرياضيات,Mathematics,fr,True,8
secondaire,BAC,Baccalauréat (4ème année secondaire),البكالوريا (السنة الرابعة ثانوي),Baccalaureate (4th year of secondary education),LET,Lettres,آداب,Literature,bac-lettres,SVT,Sciences de la vie et de la terre,علوم الحياة والأرض,Life and earth sciences,fr,True,11
secondaire,BAC,Baccalauréat (4ème année secondaire),البكالوريا (السنة الرابعة ثانوي),Baccalaureate (4th year of secondary education),LET,Lettres,آداب,Literature,bac-lettres,ALLEM,Allemand,الألمانية,German,de,True,5
secondaire,BAC,Baccalauréat (4ème année secondaire),البكالوريا (السنة الرابعة ثانوي),Baccalaureate (4th year of secondary education),LET,Lettres,آداب,Literature,bac-lettres,ESPA,Espagnol,الإسبانية,Spanish,es,True,12
secondaire,BAC,Baccalauréat (4ème année secondaire),البكالوريا (السنة الرابعة ثانوي),Baccalaureate (4th year of secondary education),LET,Lettres,آداب,Literature,bac-lettres,ITAL,Italien,الإيطالية,Italian,it,True,6
secondaire,BAC,Baccalauréat (4ème année secondaire),البكالوريا (السنة الرابعة ثانوي),Baccalaureate (4th year of secondary education),LET,Lettres,آداب,Literature,bac-lettres,RUSSE,Russe,الروسية,Russian,ru,True,0
secondaire,BAC,Baccalauréat (4ème année secondaire),البكالوريا (السنة الرابعة ثانوي),Baccalaureate (4th year of secondary education),LET,Lettres,آداب,Literature,bac-lettres,CHIN,Chinois,الصينية,Chinese,zh,True,10
secondaire,BAC,Baccalauréat (4ème année secondaire),البكالوريا (السنة الرابعة ثانوي),Baccalaureate (4th year of secondary education),LET,Lettres,آداب,Literature,bac-lettres,PORT,Portugais,البرتغالية,Portuguese,pt,True,0
secondaire,BAC,Baccalauréat (4ème année secondaire),البكالوريا (السنة الرابعة ثانوي),Baccalaureate (4th year of secondary education),LET,Lettres,آداب,Literature,bac-lettres,MUSIQ,Éducation musicale,التربية الموسيقية,Music education,ar,True,0
secondaire,BAC,Baccalauréat (4ème année secondaire),البكالوريا (السنة الرابعة ثانوي),Baccalaureate (4th year of secondary education),LET,Lettres,آداب,Literature,bac-lettres,ARTPL,Arts plastiques,التربية التشكيلية,Visual arts,ar,True,0
secondaire,BAC,Baccalauréat (4ème année secondaire),البكالوريا (السنة الرابعة ثانوي),Baccalaureate (4th year of secondary education),MATH,Mathématiques,رياضيات,Mathematics,bac-mathematiques,ARAB,Arabe,العربية,Arabic,ar,False,2
secondaire,BAC,Baccalauréat (4ème année secondaire),البكالوريا (السنة الرابعة ثانوي),Baccalaureate (4th year of secondary education),MATH,Mathématiques,رياضيات,Mathematics,bac-mathematiques,FRAN,Français,الفرنسية,French,fr,False,7
secondaire,BAC,Baccalauréat (4ème année secondaire),البكالوريا (السنة الرابعة ثانوي),Baccalaureate (4th year of secondary education),MATH,Mathématiques,رياضيات,Mathematics,bac-mathematiques,ANGL,Anglais,الإنجليزية,English,en,False,5
secondaire,BAC,Baccalauréat (4ème année secondaire),البكالوريا (السنة الرابعة ثانوي),Baccalaureate (4th year of secondary education),MATH,Mathématiques,رياضيات,Mathematics,bac-mathematiques,MATH,Mathématiques,الرياضيات,Mathematics,fr,False,19
secondaire,BAC,Baccalauréat (4ème année secondaire),البكالوريا (السنة الرابعة ثانوي),Baccalaureate (4th year of secondary education),MATH,Mathématiques,رياضيات,Mathematics,bac-mathematiques,PHYS,Sciences physiques,العلوم الفيزيائية,Physical sciences,fr,False,23
secondaire,BAC,Baccalauréat (4ème année secondaire),البكالوريا (السنة الرابعة ثانوي),Baccalaureate (4th year of secondary education),MATH,Mathématiques,رياضيات,Mathematics,bac-mathematiques,SVT,Sciences de la vie et de la terre,علوم الحياة والأرض,Life and earth sciences,fr,False,10
secondaire,BAC,Baccalauréat (4ème année secondaire),البكالوريا (السنة الرابعة ثانوي),Baccalaureate (4th year of secondary education),MATH,Mathématiques,رياضيات,Mathematics,bac-mathematiques,INFO,Informatique,الإعلامية,Computer science,fr,False,0
secondaire,BAC,Baccalauréat (4ème année secondaire),البكالوريا (السنة الرابعة ثانوي),Baccalaureate (4th year of secondary education),MATH,Mathématiques,رياضيات,Mathematics,bac-mathematiques,PHILO,Philosophie,الفلسفة,Philosophy,ar,False,5
secondaire,BAC,Baccalauréat (4ème année secondaire),البكالوريا (السنة الرابعة ثانوي),Baccalaureate (4th year of secondary education),MATH,Mathématiques,رياضيات,Mathematics,bac-mathematiques,EPS,Éducation physique,التربية البدنية,Physical education,ar,False,0
secondaire,BAC,Baccalauréat (4ème année secondaire),البكالوريا (السنة الرابعة ثانوي),Baccalaureate (4th year of secondary education),MATH,Mathématiques,رياضيات,Mathematics,bac-mathematiques,ALLEM,Allemand,الألمانية,German,de,True,5
secondaire,BAC,Baccalauréat (4ème année secondaire),البكالوريا (السنة الرابعة ثانوي),Baccalaureate (4th year of secondary education),MATH,Mathématiques,رياضيات,Mathematics,bac-mathematiques,ESPA,Espagnol,الإسبانية,Spanish,es,True,12
secondaire,BAC,Baccalauréat (4ème année secondaire),البكالوريا (السنة الرابعة ثانوي),Baccalaureate (4th year of secondary education),MATH,Mathématiques,رياضيات,Mathematics,bac-mathematiques,ITAL,Italien,الإيطالية,Italian,it,True,6
secondaire,BAC,Baccalauréat (4ème année secondaire),البكالوريا (السنة الرابعة ثانوي),Baccalaureate (4th year of secondary education),MATH,Mathématiques,رياضيات,Mathematics,bac-mathematiques,RUSSE,Russe,الروسية,Russian,ru,True,0
secondaire,BAC,Baccalauréat (4ème année secondaire),البكالوريا (السنة الرابعة ثانوي),Baccalaureate (4th year of secondary education),MATH,Mathématiques,رياضيات,Mathematics,bac-mathematiques,CHIN,Chinois,الصينية,Chinese,zh,True,10
secondaire,BAC,Baccalauréat (4ème année secondaire),البكالوريا (السنة الرابعة ثانوي),Baccalaureate (4th year of secondary education),MATH,Mathématiques,رياضيات,Mathematics,bac-mathematiques,PORT,Portugais,البرتغالية,Portuguese,pt,True,0
secondaire,BAC,Baccalauréat (4ème année secondaire),البكالوريا (السنة الرابعة ثانوي),Baccalaureate (4th year of secondary education),MATH,Mathématiques,رياضيات,Mathematics,bac-mathematiques,MUSIQ,Éducation musicale,التربية الموسيقية,Music education,ar,True,0
secondaire,BAC,Baccalauréat (4ème année secondaire),البكالوريا (السنة الرابعة ثانوي),Baccalaureate (4th year of secondary education),MATH,Mathématiques,رياضيات,Mathematics,bac-mathematiques,ARTPL,Arts plastiques,التربية التشكيلية,Visual arts,ar,True,0
secondaire,BAC,Baccalauréat (4ème année secondaire),البكالوريا (السنة الرابعة ثانوي),Baccalaureate (4th year of secondary education),SCEXP,Sciences expérimentales,علوم تجريبية,Experimental Sciences,bac-sciences-experimentales,ARAB,Arabe,العربية,Arabic,ar,False,2
secondaire,BAC,Baccalauréat (4ème année secondaire),البكالوريا (السنة الرابعة ثانوي),Baccalaureate (4th year of secondary education),SCEXP,Sciences expérimentales,علوم تجريبية,Experimental Sciences,bac-sciences-experimentales,FRAN,Français,الفرنسية,French,fr,False,7
secondaire,BAC,Baccalauréat (4ème année secondaire),البكالوريا (السنة الرابعة ثانوي),Baccalaureate (4th year of secondary education),SCEXP,Sciences expérimentales,علوم تجريبية,Experimental Sciences,bac-sciences-experimentales,ANGL,Anglais,الإنجليزية,English,en,False,5
secondaire,BAC,Baccalauréat (4ème année secondaire),البكالوريا (السنة الرابعة ثانوي),Baccalaureate (4th year of secondary education),SCEXP,Sciences expérimentales,علوم تجريبية,Experimental Sciences,bac-sciences-experimentales,SVT,Sciences de la vie et de la terre,علوم الحياة والأرض,Life and earth sciences,fr,False,19
secondaire,BAC,Baccalauréat (4ème année secondaire),البكالوريا (السنة الرابعة ثانوي),Baccalaureate (4th year of secondary education),SCEXP,Sciences expérimentales,علوم تجريبية,Experimental Sciences,bac-sciences-experimentales,PHYS,Sciences physiques,العلوم الفيزيائية,Physical sciences,fr,False,24
secondaire,BAC,Baccalauréat (4ème année secondaire),البكالوريا (السنة الرابعة ثانوي),Baccalaureate (4th year of secondary education),SCEXP,Sciences expérimentales,علوم تجريبية,Experimental Sciences,bac-sciences-experimentales,MATH,Mathématiques,الرياضيات,Mathematics,fr,False,17
secondaire,BAC,Baccalauréat (4ème année secondaire),البكالوريا (السنة الرابعة ثانوي),Baccalaureate (4th year of secondary education),SCEXP,Sciences expérimentales,علوم تجريبية,Experimental Sciences,bac-sciences-experimentales,INFO,Informatique,الإعلامية,Computer science,fr,False,0
secondaire,BAC,Baccalauréat (4ème année secondaire),البكالوريا (السنة الرابعة ثانوي),Baccalaureate (4th year of secondary education),SCEXP,Sciences expérimentales,علوم تجريبية,Experimental Sciences,bac-sciences-experimentales,PHILO,Philosophie,الفلسفة,Philosophy,ar,False,5
secondaire,BAC,Baccalauréat (4ème année secondaire),البكالوريا (السنة الرابعة ثانوي),Baccalaureate (4th year of secondary education),SCEXP,Sciences expérimentales,علوم تجريبية,Experimental Sciences,bac-sciences-experimentales,EPS,Éducation physique,التربية البدنية,Physical education,ar,False,0
secondaire,BAC,Baccalauréat (4ème année secondaire),البكالوريا (السنة الرابعة ثانوي),Baccalaureate (4th year of secondary education),SCEXP,Sciences expérimentales,علوم تجريبية,Experimental Sciences,bac-sciences-experimentales,ALLEM,Allemand,الألمانية,German,de,True,5
secondaire,BAC,Baccalauréat (4ème année secondaire),البكالوريا (السنة الرابعة ثانوي),Baccalaureate (4th year of secondary education),SCEXP,Sciences expérimentales,علوم تجريبية,Experimental Sciences,bac-sciences-experimentales,ESPA,Espagnol,الإسبانية,Spanish,es,True,12
secondaire,BAC,Baccalauréat (4ème année secondaire),البكالوريا (السنة الرابعة ثانوي),Baccalaureate (4th year of secondary education),SCEXP,Sciences expérimentales,علوم تجريبية,Experimental Sciences,bac-sciences-experimentales,ITAL,Italien,الإيطالية,Italian,it,True,6
secondaire,BAC,Baccalauréat (4ème année secondaire),البكالوريا (السنة الرابعة ثانوي),Baccalaureate (4th year of secondary education),SCEXP,Sciences expérimentales,علوم تجريبية,Experimental Sciences,bac-sciences-experimentales,RUSSE,Russe,الروسية,Russian,ru,True,0
secondaire,BAC,Baccalauréat (4ème année secondaire),البكالوريا (السنة الرابعة ثانوي),Baccalaureate (4th year of secondary education),SCEXP,Sciences expérimentales,علوم تجريبية,Experimental Sciences,bac-sciences-experimentales,CHIN,Chinois,الصينية,Chinese,zh,True,10
secondaire,BAC,Baccalauréat (4ème année secondaire),البكالوريا (السنة الرابعة ثانوي),Baccalaureate (4th year of secondary education),SCEXP,Sciences expérimentales,علوم تجريبية,Experimental Sciences,bac-sciences-experimentales,PORT,Portugais,البرتغالية,Portuguese,pt,True,0
secondaire,BAC,Baccalauréat (4ème année secondaire),البكالوريا (السنة الرابعة ثانوي),Baccalaureate (4th year of secondary education),SCEXP,Sciences expérimentales,علوم تجريبية,Experimental Sciences,bac-sciences-experimentales,MUSIQ,Éducation musicale,التربية الموسيقية,Music education,ar,True,0
secondaire,BAC,Baccalauréat (4ème année secondaire),البكالوريا (السنة الرابعة ثانوي),Baccalaureate (4th year of secondary education),SCEXP,Sciences expérimentales,علوم تجريبية,Experimental Sciences,bac-sciences-experimentales,ARTPL,Arts plastiques,التربية التشكيلية,Visual arts,ar,True,0
secondaire,BAC,Baccalauréat (4ème année secondaire),البكالوريا (السنة الرابعة ثانوي),Baccalaureate (4th year of secondary education),SPORT,Sport,رياضة,Sport,bac-sport,ARAB,Arabe,العربية,Arabic,ar,False,3
secondaire,BAC,Baccalauréat (4ème année secondaire),البكالوريا (السنة الرابعة ثانوي),Baccalaureate (4th year of secondary education),SPORT,Sport,رياضة,Sport,bac-sport,FRAN,Français,الفرنسية,French,fr,False,7
secondaire,BAC,Baccalauréat (4ème année secondaire),البكالوريا (السنة الرابعة ثانوي),Baccalaureate (4th year of secondary education),SPORT,Sport,رياضة,Sport,bac-sport,ANGL,Anglais,الإنجليزية,English,en,False,5
secondaire,BAC,Baccalauréat (4ème année secondaire),البكالوريا (السنة الرابعة ثانوي),Baccalaureate (4th year of secondary education),SPORT,Sport,رياضة,Sport,bac-sport,MATH,Mathématiques,الرياضيات,Mathematics,fr,False,7
secondaire,BAC,Baccalauréat (4ème année secondaire),البكالوريا (السنة الرابعة ثانوي),Baccalaureate (4th year of secondary education),SPORT,Sport,رياضة,Sport,bac-sport,PHYS,Sciences physiques,العلوم الفيزيائية,Physical sciences,fr,False,0
secondaire,BAC,Baccalauréat (4ème année secondaire),البكالوريا (السنة الرابعة ثانوي),Baccalaureate (4th year of secondary education),SPORT,Sport,رياضة,Sport,bac-sport,BIO,Sciences biologiques,علوم البيولوجيا,Biological sciences,fr,False,10
secondaire,BAC,Baccalauréat (4ème année secondaire),البكالوريا (السنة الرابعة ثانوي),Baccalaureate (4th year of secondary education),SPORT,Sport,رياضة,Sport,bac-sport,INFO,Informatique,الإعلامية,Computer science,fr,True,0
secondaire,BAC,Baccalauréat (4ème année secondaire),البكالوريا (السنة الرابعة ثانوي),Baccalaureate (4th year of secondary education),SPORT,Sport,رياضة,Sport,bac-sport,HIST,Histoire,التاريخ,History,ar,True,0
secondaire,BAC,Baccalauréat (4ème année secondaire),البكالوريا (السنة الرابعة ثانوي),Baccalaureate (4th year of secondary education),SPORT,Sport,رياضة,Sport,bac-sport,GEO,Géographie,الجغرافيا,Geography,ar,True,0
secondaire,BAC,Baccalauréat (4ème année secondaire),البكالوريا (السنة الرابعة ثانوي),Baccalaureate (4th year of secondary education),SPORT,Sport,رياضة,Sport,bac-sport,EPS,Éducation physique,التربية البدنية,Physical education,ar,False,0
secondaire,BAC,Baccalauréat (4ème année secondaire),البكالوريا (السنة الرابعة ثانوي),Baccalaureate (4th year of secondary education),SPORT,Sport,رياضة,Sport,bac-sport,SPORTSPEC,Spécialité sportive,الاختصاص الرياضي,Sports specialty,ar,False,0
secondaire,BAC,Baccalauréat (4ème année secondaire),البكالوريا (السنة الرابعة ثانوي),Baccalaureate (4th year of secondary education),SPORT,Sport,رياضة,Sport,bac-sport,PHILO,Philosophie,الفلسفة,Philosophy,ar,False,5
secondaire,BAC,Baccalauréat (4ème année secondaire),البكالوريا (السنة الرابعة ثانوي),Baccalaureate (4th year of secondary education),TECH,Sciences techniques,العلوم التقنية,Technical Sciences,bac-techniques,ARAB,Arabe,العربية,Arabic,ar,False,2
secondaire,BAC,Baccalauréat (4ème année secondaire),البكالوريا (السنة الرابعة ثانوي),Baccalaureate (4th year of secondary education),TECH,Sciences techniques,العلوم التقنية,Technical Sciences,bac-techniques,FRAN,Français,الفرنسية,French,fr,False,7
secondaire,BAC,Baccalauréat (4ème année secondaire),البكالوريا (السنة الرابعة ثانوي),Baccalaureate (4th year of secondary education),TECH,Sciences techniques,العلوم التقنية,Technical Sciences,bac-techniques,ANGL,Anglais,الإنجليزية,English,en,False,5
secondaire,BAC,Baccalauréat (4ème année secondaire),البكالوريا (السنة الرابعة ثانوي),Baccalaureate (4th year of secondary education),TECH,Sciences techniques,العلوم التقنية,Technical Sciences,bac-techniques,TECHNO,Technologie,التكنولوجيا,Technology,fr,False,12
secondaire,BAC,Baccalauréat (4ème année secondaire),البكالوريا (السنة الرابعة ثانوي),Baccalaureate (4th year of secondary education),TECH,Sciences techniques,العلوم التقنية,Technical Sciences,bac-techniques,MATH,Mathématiques,الرياضيات,Mathematics,fr,False,16
secondaire,BAC,Baccalauréat (4ème année secondaire),البكالوريا (السنة الرابعة ثانوي),Baccalaureate (4th year of secondary education),TECH,Sciences techniques,العلوم التقنية,Technical Sciences,bac-techniques,PHYS,Sciences physiques,العلوم الفيزيائية,Physical sciences,fr,False,19
secondaire,BAC,Baccalauréat (4ème année secondaire),البكالوريا (السنة الرابعة ثانوي),Baccalaureate (4th year of secondary education),TECH,Sciences techniques,العلوم التقنية,Technical Sciences,bac-techniques,INFO,Informatique,الإعلامية,Computer science,fr,False,0
secondaire,BAC,Baccalauréat (4ème année secondaire),البكالوريا (السنة الرابعة ثانوي),Baccalaureate (4th year of secondary education),TECH,Sciences techniques,العلوم التقنية,Technical Sciences,bac-techniques,PHILO,Philosophie,الفلسفة,Philosophy,ar,False,5
secondaire,BAC,Baccalauréat (4ème année secondaire),البكالوريا (السنة الرابعة ثانوي),Baccalaureate (4th year of secondary education),TECH,Sciences techniques,العلوم التقنية,Technical Sciences,bac-techniques,EPS,Éducation physique,التربية البدنية,Physical education,ar,False,0
secondaire,BAC,Baccalauréat (4ème année secondaire),البكالوريا (السنة الرابعة ثانوي),Baccalaureate (4th year of secondary education),TECH,Sciences techniques,العلوم التقنية,Technical Sciences,bac-techniques,ALLEM,Allemand,الألمانية,German,de,True,5
secondaire,BAC,Baccalauréat (4ème année secondaire),البكالوريا (السنة الرابعة ثانوي),Baccalaureate (4th year of secondary education),TECH,Sciences techniques,العلوم التقنية,Technical Sciences,bac-techniques,ESPA,Espagnol,الإسبانية,Spanish,es,True,12
secondaire,BAC,Baccalauréat (4ème année secondaire),البكالوريا (السنة الرابعة ثانوي),Baccalaureate (4th year of secondary education),TECH,Sciences techniques,العلوم التقنية,Technical Sciences,bac-techniques,ITAL,Italien,الإيطالية,Italian,it,True,6
secondaire,BAC,Baccalauréat (4ème année secondaire),البكالوريا (السنة الرابعة ثانوي),Baccalaureate (4th year of secondary education),TECH,Sciences techniques,العلوم التقنية,Technical Sciences,bac-techniques,RUSSE,Russe,الروسية,Russian,ru,True,0
secondaire,BAC,Baccalauréat (4ème année secondaire),البكالوريا (السنة الرابعة ثانوي),Baccalaureate (4th year of secondary education),TECH,Sciences techniques,العلوم التقنية,Technical Sciences,bac-techniques,CHIN,Chinois,الصينية,Chinese,zh,True,10
secondaire,BAC,Baccalauréat (4ème année secondaire),البكالوريا (السنة الرابعة ثانوي),Baccalaureate (4th year of secondary education),TECH,Sciences techniques,العلوم التقنية,Technical Sciences,bac-techniques,PORT,Portugais,البرتغالية,Portuguese,pt,True,0
secondaire,BAC,Baccalauréat (4ème année secondaire),البكالوريا (السنة الرابعة ثانوي),Baccalaureate (4th year of secondary education),TECH,Sciences techniques,العلوم التقنية,Technical Sciences,bac-techniques,MUSIQ,Éducation musicale,التربية الموسيقية,Music education,ar,True,0
secondaire,BAC,Baccalauréat (4ème année secondaire),البكالوريا (السنة الرابعة ثانوي),Baccalaureate (4th year of secondary education),TECH,Sciences techniques,العلوم التقنية,Technical Sciences,bac-techniques,ARTPL,Arts plastiques,التربية التشكيلية,Visual arts,ar,True,0
